id,bedrooms,bathrooms,sqft_living,sqft_lot,floors,year_built,year_renovated,latitude,longitude,property_type,neighborhood,condition,view_quality,date,price
0,3,3.0,1802,16117,2.0,1998,0,33.773713823581225,-84.33507367021672,Single Family,Stone Mountain,Good,Fair,2025-10-15,249900.0
1,5,3.5,4181,8276,3.0,1996,0,33.82669181416495,-84.24195004874365,Single Family,Brookhaven,Good,Excellent,2025-06-20,950000.0
2,4,3.0,2404,18295,2.0,1993,0,33.738977359239534,-84.34528133014322,Single Family,Stone Mountain,Good,Fair,2025-06-20,360000.0
3,4,3.5,2628,3920,2.0,2018,0,33.687007750788986,-84.2857096003532,Single Family,Tucker,Excellent,Excellent,2025-06-19,620000.0
4,4,2.5,2803,18295,2.0,2024,0,33.65728032424163,-84.24438287174681,Single Family,Atlanta,Good,Good,2025-06-17,595000.0
5,5,4.5,5600,13939,3.0,2013,0,33.73841599272509,-84.25375371302587,Single Family,Atlanta,Excellent,Excellent,2025-06-26,2460000.0
6,4,3.5,2790,8276,2.0,2003,0,33.79182235452981,-84.28548579409143,Single Family,Atlanta,Good,Excellent,2025-06-18,789900.0
7,5,3.5,3870,15682,3.0,1993,0,33.73813400811886,-84.29773075856119,Single Family,Atlanta,Good,Excellent,2025-06-23,955000.0
8,4,2.0,1645,9583,2.0,1993,0,33.73060127409595,-84.3296379408941,Single Family,Atlanta,Good,Excellent,2025-06-26,750000.0
9,4,3.5,2912,26136,2.0,2006,0,33.84014389081509,-84.33673235536477,Single Family,Atlanta,Good,Excellent,2025-06-17,880000.0
10,4,2.5,1851,6098,2.0,2006,0,33.796830727649635,-84.37447342723677,Single Family,Decatur,Good,Good,2025-06-18,535000.0
11,5,3.0,3343,8276,3.0,2016,0,33.719167750793524,-84.37501381158626,Single Family,Snellville,Good,Good,2025-06-20,430000.0
12,4,3.0,2616,13068,2.0,2020,0,33.76032056254681,-84.18606138284572,Single Family,Atlanta,Good,Excellent,2025-06-25,715000.0
13,4,3.0,2659,871,2.0,2021,0,33.77752854869418,-84.24170376423585,Single Family,Scottdale,Good,Good,2025-06-17,561900.0
14,3,2.0,2035,23087,2.0,1993,0,33.6660280047889,-84.24038673379138,Single Family,Brookhaven,Good,Excellent,2025-06-19,702500.0
15,5,6.0,5200,10454,3.0,2020,0,33.84024666613771,-84.19463703529892,Single Family,Brookhaven,Excellent,Excellent,2025-06-19,1870000.0
16,4,2.5,2344,27007,2.0,2020,0,33.68549433626066,-84.21907254357029,Single Family,Decatur,Good,Excellent,2025-06-18,595000.0
17,4,3.0,2374,6970,2.0,2002,0,33.722852332582654,-84.3334752791961,Single Family,Decatur,Good,Excellent,2025-06-23,880000.0
18,3,3.0,1817,14810,2.0,2012,0,33.76491952427812,-84.21001543847521,Single Family,Decatur,Excellent,Excellent,2025-06-18,933137.0
19,5,3.5,3225,10019,3.0,2020,0,33.82687254587288,-84.36884221656805,Single Family,Decatur,Good,Excellent,2025-06-19,1065000.0
20,5,3.5,4090,11761,3.0,2012,0,33.72774967608295,-84.24540484554996,Single Family,Avondale Estates,Excellent,Excellent,2025-06-18,985000.0
21,6,3.0,3362,26136,3.0,1993,0,33.768009433757925,-84.37220817050012,Single Family,Atlanta,Good,Excellent,2025-06-23,699900.0
22,5,3.0,3607,19602,3.0,1993,0,33.79643927734403,-84.29078907020238,Single Family,Atlanta,Good,Excellent,2025-06-19,685000.0
23,6,5.5,6003,20473,3.0,2017,0,33.83649934542338,-84.18992699054651,Single Family,Atlanta,Excellent,Excellent,2025-08-04,1337700.0
24,3,2.0,1736,7405,2.0,2006,0,33.77002520828578,-84.18773269779635,Single Family,Scottdale,Good,Fair,2025-07-01,385000.0
25,5,5.0,6223,6970,3.0,2006,0,33.67110750871541,-84.29244784510388,Single Family,Atlanta,Excellent,Excellent,2025-06-20,1200000.0
26,4,2.5,3138,14810,3.0,2016,0,33.778129588577876,-84.27484151045896,Single Family,Lithonia,Good,Fair,2025-06-23,420000.0
27,5,5.0,4200,7405,3.0,2016,0,33.84810683585484,-84.23319638815951,Single Family,Decatur,Excellent,Excellent,2025-06-25,1678000.0
28,5,4.5,4098,10019,3.0,2013,0,33.66086395768164,-84.23027765701991,Single Family,Decatur,Good,Excellent,2025-06-26,1440000.0
29,5,5.5,6357,16117,3.0,2020,0,33.75078197870113,-84.22173470092133,Single Family,Decatur,Excellent,Excellent,2025-06-21,2200000.0
30,4,3.5,3331,22216,3.0,2012,0,33.73897547943108,-84.18273386510327,Single Family,Decatur,Good,Excellent,2025-06-23,1511000.0
31,5,4.5,5386,22216,3.0,2019,0,33.82487094182519,-84.26082290869277,Single Family,Decatur,Excellent,Excellent,2025-06-23,2100000.0
32,6,7.0,7395,10019,3.0,2007,0,33.70041319769493,-84.3406588980457,Single Family,Atlanta,Excellent,Excellent,2025-06-30,1550000.0
33,3,2.0,1733,15682,2.0,1993,0,33.7789911145669,-84.18145346575905,Single Family,Atlanta,Good,Excellent,2025-06-23,755000.0
34,4,3.5,4050,21344,3.0,2012,0,33.76371972515612,-84.22582818267847,Single Family,Atlanta,Excellent,Excellent,2025-06-25,1050000.0
35,4,2.5,3415,10019,3.0,2005,0,33.750729033978814,-84.2167765950644,Single Family,Atlanta,Good,Good,2025-06-23,575000.0
36,5,4.0,4100,9148,3.0,2003,0,33.833022969979105,-84.28730699349501,Single Family,Atlanta,Good,Excellent,2025-06-24,1330000.0
37,6,6.0,5742,11761,3.0,2006,0,33.778744007929575,-84.28664749689062,Single Family,Brookhaven,Excellent,Excellent,2025-06-24,1500000.0
38,3,2.0,2394,10019,2.0,2003,0,33.714920060036825,-84.22621494526268,Single Family,Atlanta,Good,Excellent,2025-06-24,1025000.0
39,4,2.5,2529,17860,2.0,1993,0,33.81440886462513,-84.20829080950186,Single Family,Atlanta,Good,Excellent,2025-06-27,873000.0
41,4,2.0,1724,10890,2.0,1998,0,33.84780567421654,-84.24930054100598,Single Family,Stone Mountain,Good,Fair,2025-06-25,279000.0
42,3,2.5,2476,13504,2.0,2006,0,33.6613367476707,-84.27429080374863,Single Family,Lithonia,Good,Fair,2025-06-25,335000.0
43,5,4.0,2830,10454,2.0,2012,0,33.752303158925315,-84.25201421678331,Single Family,Brookhaven,Good,Excellent,2025-06-26,1235000.0
44,6,6.0,5771,6534,3.0,2023,0,33.83116705041634,-84.18420673863496,Single Family,Atlanta,Excellent,Excellent,2025-06-27,1365000.0
45,4,2.5,3360,6970,3.0,1998,0,33.730848190037634,-84.3378744727544,Single Family,Atlanta,Good,Excellent,2025-06-27,850000.0
46,5,4.5,5782,16988,3.0,1993,0,33.78781887237925,-84.2726632489226,Single Family,Atlanta,Excellent,Excellent,2025-07-03,1850000.0
47,4,2.5,2490,6098,2.0,2006,0,33.792907440820215,-84.35806626287619,Single Family,Atlanta,Good,Excellent,2025-06-27,707500.0
48,5,4.5,3467,43996,3.0,1993,0,33.75804798030257,-84.23437425407162,Single Family,Stone Mountain,Good,Good,2025-07-07,610000.0
49,5,4.0,4300,6534,3.0,2014,0,33.688469323394,-84.3539228650502,Single Family,Brookhaven,Excellent,Excellent,2025-06-30,1300000.0
50,3,2.5,1631,4792,2.0,2012,0,33.777651304763125,-84.24066487828621,Single Family,Decatur,Good,Good,2021-03-25,378679.0
51,5,4.0,3064,6534,3.0,2016,0,33.68823240276926,-84.37043146517591,Single Family,Atlanta,Good,Excellent,2025-07-16,825000.0
52,5,6.5,8080,32234,3.0,2013,0,33.67558823913412,-84.33311997206339,Single Family,Brookhaven,Excellent,Excellent,2025-07-01,2665000.0
53,5,4.5,6084,11326,3.0,2006,0,33.65309584077629,-84.317068557466,Single Family,Brookhaven,Excellent,Excellent,2025-06-30,1095000.0
54,4,3.0,3032,15246,3.0,2006,0,33.704259757207126,-84.3306527537366,Single Family,Brookhaven,Good,Excellent,2025-07-09,850000.0
55,4,2.5,2600,6534,2.0,2020,0,33.73961782751628,-84.35658563637442,Single Family,Lithonia,Good,Fair,2025-07-13,310000.0
56,5,2.5,2650,6534,2.0,2020,0,33.73450540573576,-84.22727352991463,Single Family,Lithonia,Good,Fair,2025-06-27,365000.0
57,5,4.0,3374,13504,3.0,2021,0,33.77692323852322,-84.36475929149782,Single Family,Lithonia,Good,Good,2025-07-31,445000.0
58,4,2.5,2407,10454,2.0,2006,0,33.736279597565655,-84.31922958838514,Single Family,Lithonia,Good,Fair,2025-07-02,346000.0
59,4,2.5,2345,20473,2.0,2003,0,33.8100247440018,-84.35619245173599,Single Family,Atlanta,Excellent,Excellent,2025-07-08,905000.0
60,4,3.5,3500,9148,3.0,2006,0,33.70217810106338,-84.22002190191905,Single Family,Atlanta,Good,Excellent,2025-07-02,1200000.0
61,3,2.5,2790,6970,2.0,2020,0,33.8147425881572,-84.19119342178507,Single Family,Atlanta,Good,Excellent,2025-07-01,799000.0
62,4,2.5,2730,19602,2.0,2012,0,33.826163124646655,-84.30635014436261,Single Family,Atlanta,Good,Good,2025-07-11,635000.0
63,4,3.5,3610,13504,3.0,2020,0,33.744746765593966,-84.35541072543745,Single Family,Atlanta,Excellent,Excellent,2025-07-16,849000.0
64,4,3.5,2627,13939,2.0,2004,0,33.71152144055935,-84.28177923556052,Single Family,Atlanta,Good,Good,2025-06-30,499900.0
65,5,3.5,4979,18731,3.0,1993,0,33.68343910503061,-84.33840494747858,Single Family,Atlanta,Good,Excellent,2025-07-01,785000.0
66,4,4.5,4399,9583,3.0,2007,0,33.78557398472985,-84.32459642855775,Single Family,Atlanta,Excellent,Excellent,2025-06-30,1200000.0
67,5,5.0,4729,13939,3.0,2008,0,33.67718499117085,-84.18378925985994,Single Family,Tucker,Good,Excellent,2025-07-02,750000.0
68,5,4.5,6150,44867,3.0,2003,0,33.69276924924691,-84.37522052707438,Single Family,Stone Mountain,Excellent,Excellent,2025-07-29,890000.0
69,4,3.5,1682,7841,2.0,1998,0,33.65436142023918,-84.2838370753401,Single Family,Stone Mountain,Good,Fair,2025-07-01,305000.0
70,4,3.0,2344,20038,2.0,1974,0,33.706257958497346,-84.2501105036465,Single Family,Stone Mountain,Good,Fair,2025-07-01,358000.0
71,3,3.0,1817,10454,2.0,2020,0,33.7783413678887,-84.31946484983996,Single Family,Decatur,Good,Fair,2025-07-07,400000.0
72,4,3.5,2546,19166,2.0,2021,0,33.67595911458481,-84.2635150165132,Single Family,Decatur,Good,Good,2025-07-02,565000.0
73,6,3.5,3388,19166,3.0,2006,0,33.71494207981364,-84.19711929879152,Single Family,Lithonia,Good,Fair,2025-07-08,399900.0
74,4,3.5,2725,31799,2.0,1993,0,33.84784676831978,-84.33846615447962,Single Family,Decatur,Good,Excellent,2025-06-30,850000.0
75,5,4.0,3210,10019,3.0,2017,0,33.65936778970815,-84.27098046449451,Single Family,Decatur,Excellent,Excellent,2025-07-02,1578000.0
76,4,2.5,3776,25265,3.0,1993,0,33.66602687608551,-84.27021366105545,Single Family,Decatur,Good,Excellent,2025-07-02,1415000.0
77,6,6.5,6144,18295,3.0,2015,0,33.68410302460079,-84.21834493670926,Single Family,Brookhaven,Excellent,Excellent,2025-06-30,2175000.0
78,4,4.0,3656,14810,3.0,2012,0,33.843289395279086,-84.26355697307129,Single Family,Brookhaven,Good,Excellent,2025-07-01,1200000.0
79,4,3.5,2750,5227,2.0,2018,0,33.6836402881844,-84.27015867092081,Single Family,Tucker,Good,Excellent,2025-07-01,600000.0
80,4,4.0,3682,6098,3.0,2013,0,33.69957867243568,-84.33682918995103,Single Family,Atlanta,Excellent,Excellent,2025-07-10,750000.0
81,5,4.0,3117,14810,3.0,2014,0,33.81287662352133,-84.3050135929212,Single Family,Atlanta,Excellent,Excellent,2025-07-02,1025000.0
82,4,3.0,2400,21780,2.0,1993,0,33.76215209078143,-84.29189347235038,Single Family,Atlanta,Good,Excellent,2025-07-02,579000.0
83,4,3.5,2400,6534,2.0,2018,0,33.82369717593213,-84.27808836746513,Single Family,Atlanta,Good,Excellent,2025-07-02,675000.0
84,5,3.5,3739,10454,3.0,2003,0,33.68931776095206,-84.21661660793448,Single Family,Atlanta,Excellent,Excellent,2025-06-30,849000.0
85,4,3.0,1796,7405,2.0,2012,0,33.67352011423816,-84.22852026261384,Single Family,Atlanta,Good,Excellent,2025-07-02,710000.0
86,6,4.0,5019,14810,3.0,1998,0,33.673113702783226,-84.233277957037,Single Family,Atlanta,Excellent,Excellent,2025-07-02,1100000.0
88,5,4.0,3887,8712,3.0,2006,0,33.68180786501632,-84.20865418932375,Single Family,Brookhaven,Excellent,Excellent,2025-07-03,1055000.0
89,6,5.0,5027,21780,3.0,2014,0,33.77969588151841,-84.20339174664895,Single Family,Atlanta,Good,Excellent,2025-07-04,1200000.0
90,6,4.5,4700,6534,3.0,2006,0,33.77551514724138,-84.29702391399158,Single Family,Brookhaven,Good,Excellent,2025-07-03,1025000.0
91,3,2.0,1783,7841,2.0,2020,0,33.78715635382854,-84.29242696669442,Single Family,Atlanta,Good,Excellent,2025-07-02,840000.0
92,4,2.5,2914,12197,2.0,2012,0,33.81939604235525,-84.32079911699815,Single Family,Atlanta,Good,Excellent,2025-07-08,785000.0
93,3,2.0,2262,7405,2.0,2012,0,33.7328010629821,-84.25817668108104,Single Family,Atlanta,Good,Good,2025-07-04,631000.0
94,5,4.0,3700,6970,3.0,2012,0,33.75018376399406,-84.32265092792991,Single Family,Atlanta,Good,Excellent,2025-07-04,995000.0
95,3,2.0,1788,16117,2.0,2012,0,33.653282197515644,-84.19236690823898,Single Family,Tucker,Good,Good,2025-07-02,442000.0
96,4,2.5,2579,18731,2.0,1993,0,33.72029640643997,-84.35602500609036,Single Family,Stone Mountain,Good,Fair,2025-07-07,370000.0
97,3,2.5,1993,14810,2.0,2020,0,33.72990694655155,-84.2849259324125,Single Family,Decatur,Good,Good,2025-07-14,605000.0
98,4,3.0,2512,7405,2.0,2020,0,33.796675248647546,-84.26201992525928,Single Family,Atlanta,Good,Excellent,2025-07-08,930000.0
99,5,4.0,2005,16988,2.0,2024,0,33.84109330960347,-84.28816210604546,Single Family,Decatur,Excellent,Good,2025-07-08,595000.0
100,4,3.0,3262,13068,3.0,2012,0,33.7062150228385,-84.29477975769113,Single Family,Decatur,Good,Excellent,2025-07-07,705000.0
101,3,2.0,1880,8276,2.0,2020,0,33.755329760737375,-84.3240606973259,Single Family,Decatur,Good,Excellent,2025-07-09,891000.0
102,4,3.0,2268,16553,2.0,1993,0,33.784314144325656,-84.30308954214847,Single Family,Atlanta,Good,Good,2025-07-15,600000.0
103,5,3.0,2765,10454,2.0,2024,0,33.708753626794596,-84.37650419542122,Single Family,Lithonia,Good,Good,2025-08-07,442011.0
104,4,3.5,2497,5227,2.0,2021,0,33.817380781257306,-84.20041452824398,Single Family,Stone Mountain,Good,Good,2025-07-07,435000.0
105,4,3.0,2982,10454,2.0,2007,0,33.82373982082505,-84.25414573362792,Single Family,Atlanta,Good,Good,2025-07-15,474900.0
106,6,5.5,4250,7841,3.0,2006,0,33.83671170056509,-84.30631637055505,Single Family,Atlanta,Excellent,Excellent,2025-07-07,755500.0
107,6,5.0,5342,19602,3.0,2013,0,33.80473117236026,-84.18512669160305,Single Family,Atlanta,Excellent,Excellent,2025-07-09,1460000.0
108,3,2.0,2011,14375,2.0,2007,0,33.75997727175788,-84.35371150290604,Single Family,Decatur,Good,Good,2025-07-09,430000.0
109,4,3.0,2500,6970,2.0,2012,0,33.774871117428475,-84.28204853520644,Single Family,Decatur,Good,Excellent,2025-07-09,525000.0
110,5,5.5,4100,9148,3.0,2012,0,33.84449633926379,-84.29775728804886,Single Family,Brookhaven,Excellent,Excellent,2025-07-08,2295000.0
111,6,5.5,5111,22216,3.0,2024,0,33.72717216760087,-84.30954953567442,Single Family,Brookhaven,Excellent,Excellent,2025-07-08,1593000.0
112,4,4.5,4247,35719,3.0,1993,0,33.761463277174805,-84.25990842548332,Single Family,Atlanta,Excellent,Excellent,2025-07-08,1300000.0
113,6,5.0,5570,39640,3.0,2012,0,33.73512438726602,-84.21683525144911,Single Family,Atlanta,Excellent,Excellent,2025-07-18,2715000.0
114,3,3.0,2080,24829,2.0,2003,0,33.70588398372314,-84.36532517512745,Single Family,Tucker,Good,Good,2025-07-09,425000.0
115,6,7.0,6168,27443,3.0,2021,0,33.77875508451844,-84.20402308271366,Single Family,Brookhaven,Excellent,Excellent,2025-07-10,3430000.0
116,4,4.0,2827,10890,2.0,2023,0,33.796321459428555,-84.28450143547747,Single Family,Brookhaven,Excellent,Excellent,2025-07-11,1030000.0
117,4,2.5,2747,7841,2.0,2012,0,33.68217746552033,-84.18437775294962,Single Family,Brookhaven,Excellent,Excellent,2025-07-10,880000.0
118,3,3.0,4404,5663,3.0,2006,0,33.756653308383235,-84.2768986051312,Single Family,Brookhaven,Excellent,Excellent,2025-07-10,1050000.0
119,6,5.0,4690,10454,3.0,2016,0,33.72032162739649,-84.35796267548861,Single Family,Brookhaven,Good,Excellent,2025-07-09,1600000.0
120,6,5.0,4633,24829,3.0,2003,0,33.65249133686809,-84.23399037417673,Single Family,Atlanta,Good,Excellent,2025-07-09,795000.0
121,5,5.0,4578,8276,3.0,2009,0,33.753220540194455,-84.32818105130089,Single Family,Atlanta,Excellent,Excellent,2025-07-14,1750000.0
122,4,3.0,2170,9148,2.0,1993,0,33.70098825738145,-84.18758513021962,Single Family,Atlanta,Good,Excellent,2025-07-11,765000.0
123,3,2.0,1612,24829,2.0,2003,0,33.702294019109125,-84.21544635589645,Single Family,Snellville,Good,Fair,2025-07-21,300000.0
124,3,2.5,1748,7841,2.0,2006,0,33.68451773571167,-84.29703109987035,Single Family,Decatur,Good,Good,2025-07-11,550000.0
125,4,3.5,3421,6098,3.0,2006,0,33.70142286247753,-84.35022268288684,Single Family,Brookhaven,Excellent,Excellent,2025-07-17,825000.0
126,4,3.0,3558,57935,3.0,2012,0,33.7288337097428,-84.27029438129229,Single Family,Atlanta,Good,Excellent,2025-07-17,699900.0
127,5,4.0,3826,8276,3.0,2014,0,33.796307900308996,-84.28795347147384,Single Family,Atlanta,Good,Excellent,2025-07-10,1406000.0
128,3,3.0,1776,8276,2.0,2003,0,33.69886231842771,-84.33574548811805,Single Family,Decatur,Good,Good,2024-09-10,483000.0
129,4,3.0,2826,18731,2.0,1993,0,33.68203734371641,-84.29638117976762,Single Family,Tucker,Good,Good,2025-07-11,534850.0
130,4,2.5,2366,20038,2.0,2012,0,33.73934530078345,-84.21421335314186,Single Family,Atlanta,Good,Excellent,2025-07-14,650000.0
131,4,3.5,2799,15246,2.0,2020,0,33.684757546269985,-84.34593442972029,Single Family,Atlanta,Good,Excellent,2025-07-16,740000.0
132,3,2.0,1393,9148,1.0,2020,0,33.66895340426475,-84.32166310633082,Single Family,Atlanta,Good,Good,2025-07-14,623000.0
133,5,4.5,4857,11761,3.0,2001,0,33.75759380071382,-84.37095786102549,Single Family,Atlanta,Excellent,Excellent,2025-07-15,1450000.0
134,6,6.5,8920,30056,3.0,2004,0,33.70721268854533,-84.37076652124249,Single Family,Atlanta,Excellent,Excellent,2025-07-15,1975000.0
135,4,4.0,3910,13939,3.0,2024,0,33.763286519184845,-84.28870898927697,Single Family,Brookhaven,Excellent,Excellent,2025-07-22,1150000.0
136,4,5.0,5046,25265,3.0,2020,0,33.70546389480874,-84.19503478008858,Single Family,Atlanta,Excellent,Excellent,2025-07-12,2775000.0
137,6,4.5,3455,13504,3.0,2006,0,33.69803661428873,-84.18941436592381,Single Family,Lithonia,Excellent,Good,2025-07-28,595000.0
138,3,2.5,1645,6970,2.0,2006,0,33.75172239200586,-84.23122464470046,Single Family,Lithonia,Good,Fair,2025-07-16,254000.0
139,4,3.5,2420,8712,2.0,2014,0,33.824882042462036,-84.23124928099082,Single Family,Atlanta,Good,Excellent,2025-07-15,990000.0
140,3,3.0,1400,17424,1.0,1957,0,33.84335893688873,-84.2309395297923,Single Family,Atlanta,Good,Fair,2025-07-15,346000.0
141,3,2.5,2394,8712,2.0,2003,0,33.694326293353065,-84.308102550764,Single Family,Decatur,Good,Excellent,2025-07-17,670000.0
142,3,2.5,1856,11326,2.0,2000,0,33.746767295859875,-84.31922935623956,Single Family,Atlanta,Good,Fair,2025-07-17,374900.0
143,4,2.0,2077,19166,2.0,2012,0,33.753156961904516,-84.25778650351728,Single Family,Atlanta,Good,Excellent,2025-07-16,695000.0
144,6,5.5,5200,13939,3.0,2007,0,33.66844812889549,-84.27920145138862,Single Family,Atlanta,Excellent,Excellent,2025-07-16,1265000.0
145,3,2.0,2242,7405,2.0,2020,0,33.7227175124404,-84.22135325820821,Single Family,Atlanta,Good,Excellent,2025-07-16,975000.0
146,3,3.0,1698,8276,2.0,2020,0,33.73004921142449,-84.20608337409375,Single Family,Atlanta,Good,Excellent,2025-07-15,675000.0
147,3,2.0,1478,7405,1.0,2020,0,33.77093001381256,-84.35999658134565,Single Family,Decatur,Good,Excellent,2025-07-16,700000.0
148,4,4.5,4191,15682,3.0,2016,0,33.84643279423775,-84.36875156597117,Single Family,Conyers,Good,Excellent,2025-07-18,659224.0
149,3,2.0,1805,7405,2.0,2003,0,33.7017957896386,-84.34639247533084,Single Family,Atlanta,Good,Excellent,2014-04-03,357000.0
150,4,3.0,2100,8712,2.0,2006,0,33.740018190888605,-84.29037144912502,Single Family,Lithonia,Good,Fair,2025-07-15,303000.0
151,4,4.0,2794,10454,2.0,2012,0,33.8042282133315,-84.34351022398444,Single Family,Atlanta,Good,Excellent,2025-07-18,750000.0
152,4,3.5,2336,7405,2.0,2003,0,33.748682800120434,-84.35970658050263,Single Family,Tucker,Good,Good,2025-07-17,525000.0
153,4,3.5,2524,14810,2.0,2019,0,33.78266036608213,-84.24292202002366,Single Family,Tucker,Good,Good,2025-07-15,550000.0
154,3,2.5,1392,8276,1.0,2006,0,33.76182917703959,-84.21025610998657,Single Family,Stone Mountain,Good,Fair,2025-07-22,300000.0
155,3,2.0,1998,18731,2.0,2003,0,33.712788933534924,-84.28156712533253,Single Family,Stone Mountain,Good,Good,2025-07-22,455000.0
156,3,4.0,3282,29185,3.0,2012,0,33.64998913011368,-84.22663929637892,Single Family,Atlanta,Good,Excellent,2025-07-18,1170000.0
157,4,3.5,3254,6970,3.0,2013,0,33.68118866762466,-84.27903619621746,Single Family,Atlanta,Excellent,Excellent,2025-07-16,1042500.0
158,3,2.0,1730,20473,2.0,2000,0,33.67380252697957,-84.19314341726783,Single Family,Atlanta,Good,Excellent,2025-07-17,679900.0
159,4,3.5,2507,12632,2.0,2015,0,33.759759831721446,-84.25689061475768,Single Family,Decatur,Good,Excellent,2025-07-16,770000.0
160,3,3.0,2525,10454,2.0,2005,0,33.66568364943184,-84.37024064278329,Single Family,Atlanta,Good,Excellent,2025-07-16,625000.0
161,5,4.5,5477,6534,3.0,2006,0,33.68412348996338,-84.19309441379774,Single Family,Atlanta,Good,Excellent,2025-07-24,725000.0
162,5,4.5,6331,16117,3.0,2024,0,33.82627209576146,-84.22581455634307,Single Family,Atlanta,Excellent,Excellent,2025-07-18,1850000.0
163,3,2.0,1550,7841,2.0,1993,0,33.759407748793116,-84.36351156339578,Single Family,Atlanta,Good,Excellent,2025-07-21,701000.0
164,5,3.5,3564,6534,3.0,2006,0,33.73093195798015,-84.21594304217173,Single Family,Decatur,Good,Excellent,2025-07-17,999000.0
165,4,4.5,4024,7841,3.0,2006,0,33.7095973881424,-84.19794757297103,Single Family,Brookhaven,Excellent,Excellent,2025-07-17,1180000.0
166,4,2.5,2360,18295,2.0,1993,0,33.75606539595485,-84.27867730022089,Single Family,Lithonia,Good,Fair,2025-07-30,354000.0
167,5,4.0,3204,15682,3.0,2006,0,33.716517346384975,-84.25706561888192,Single Family,Ellenwood,Good,Fair,2025-07-18,350300.0
168,4,3.5,3200,17424,3.0,2012,0,33.728966384607276,-84.35390015816029,Single Family,Atlanta,Good,Excellent,2025-07-29,700000.0
169,5,4.5,4834,8712,3.0,2006,0,33.69706146119798,-84.30766399333415,Single Family,Brookhaven,Excellent,Excellent,2025-07-23,1150000.0
170,5,3.5,3870,15246,3.0,2003,0,33.73866122995696,-84.23000437765414,Single Family,Atlanta,Good,Excellent,2025-07-19,925000.0
171,5,4.5,4832,14375,3.0,2012,0,33.69005612983048,-84.25613745483847,Single Family,Brookhaven,Excellent,Excellent,2012-03-23,547994.0
172,3,2.5,2000,5663,2.0,2007,0,33.70833916484847,-84.37309564818582,Single Family,Decatur,Good,Good,2025-07-21,500000.0
173,4,2.0,1878,20038,2.0,2020,0,33.831079891528695,-84.23688609664683,Single Family,Decatur,Good,Fair,2025-07-22,335000.0
174,4,3.0,2760,6534,2.0,2019,0,33.82959911343044,-84.21999147885818,Single Family,Lithonia,Good,Fair,2025-07-23,355000.0
175,4,3.5,2986,3049,2.0,2020,0,33.78649220144518,-84.20248526516322,Single Family,Stone Mountain,Good,Good,2025-07-21,415000.0
176,5,4.0,4765,23087,3.0,1993,0,33.71505887484996,-84.20833913622322,Single Family,Tucker,Good,Excellent,2025-07-23,685000.0
177,4,2.0,2280,14375,2.0,1993,0,33.673426477958586,-84.24417023581297,Single Family,Stone Mountain,Good,Fair,2025-07-23,345000.0
178,4,2.5,2374,16117,2.0,2003,0,33.6716941097405,-84.29010942341155,Single Family,Stone Mountain,Good,Fair,2025-07-22,360000.0
179,5,4.0,3213,15246,3.0,1937,0,33.650768489115904,-84.33109000272349,Single Family,Scottdale,Good,Excellent,2025-07-21,869900.0
180,3,2.0,1656,18731,2.0,2012,0,33.76860511722974,-84.37128651857554,Single Family,Decatur,Good,Fair,2025-07-28,312000.0
181,4,2.5,2309,871,2.0,2022,0,33.7902417741579,-84.27025499702339,Single Family,Scottdale,Good,Good,2025-07-21,520000.0
182,4,2.5,2250,10454,2.0,2012,0,33.81019231325009,-84.35144051511465,Single Family,Lithonia,Good,Good,2025-02-05,398595.0
183,3,2.5,2195,10890,2.0,2012,0,33.71911362525057,-84.32620416900451,Single Family,Decatur,Good,Excellent,2025-07-23,885000.0
184,5,4.5,4084,5227,3.0,2003,0,33.77373171410789,-84.23532077222225,Single Family,Decatur,Excellent,Excellent,2025-07-21,1130000.0
185,5,4.0,2547,10019,2.0,2012,0,33.71706213134931,-84.31454717149079,Single Family,Atlanta,Good,Excellent,2025-07-21,865000.0
186,5,3.0,2894,20038,2.0,2006,0,33.79003851094075,-84.27134625158484,Single Family,Stone Mountain,Good,Good,2025-07-23,385000.0
187,3,2.0,1800,33106,2.0,1993,0,33.764276396203066,-84.33361875039094,Single Family,Atlanta,Good,Excellent,2025-07-22,675000.0
188,3,2.0,2055,14375,2.0,2012,0,33.79776688509492,-84.23194820946338,Single Family,Decatur,Good,Excellent,2025-07-24,605000.0
189,3,2.0,1871,23087,2.0,2020,0,33.69983471966331,-84.32920032571909,Single Family,Decatur,Good,Good,2025-07-23,610000.0
190,4,4.5,4576,6534,3.0,2006,0,33.80232674568878,-84.29331683591943,Single Family,Atlanta,Excellent,Excellent,2025-07-23,1121000.0
191,4,2.5,2482,12632,2.0,1998,0,33.71912425235826,-84.23258078163825,Single Family,Stone Mountain,Good,Fair,2025-07-29,360000.0
192,4,2.5,2110,12197,2.0,2012,0,33.76355766753914,-84.20772996873882,Single Family,Lithonia,Good,Fair,2025-07-25,289900.0
193,6,5.0,3175,15682,3.0,2012,0,33.76490786017692,-84.31401090866896,Single Family,Atlanta,Good,Excellent,2025-07-28,1027500.0
194,3,2.5,2480,8276,2.0,2012,0,33.74754913214619,-84.31870849390262,Single Family,Atlanta,Good,Excellent,2025-07-28,975000.0
195,3,2.5,2225,6098,2.0,2003,0,33.674306479118584,-84.30292451153825,Single Family,Decatur,Good,Good,2025-07-28,597500.0
196,3,3.0,2418,6970,2.0,2003,0,33.70438271049266,-84.25472616804646,Single Family,Decatur,Good,Good,2025-07-28,545000.0
197,3,2.5,2657,10454,2.0,2003,0,33.71690818644136,-84.26429269223408,Single Family,Atlanta,Excellent,Excellent,2025-07-31,875000.0
198,4,5.0,5484,23087,3.0,2017,0,33.74289378152586,-84.37081159879101,Single Family,Brookhaven,Excellent,Excellent,2025-08-01,3095000.0
199,4,2.5,2468,8276,2.0,2007,0,33.65091441597238,-84.35170427149072,Single Family,Atlanta,Good,Good,2025-08-14,525000.0
200,3,2.0,1558,6970,2.0,2020,0,33.73152923638254,-84.30319952243244,Single Family,Atlanta,Good,Excellent,2025-07-29,615000.0
201,4,3.5,3179,6098,3.0,2014,0,33.806122926310145,-84.24381106019484,Single Family,Atlanta,Good,Good,2025-07-30,565000.0
202,4,2.5,2490,17860,2.0,1993,0,33.787899920623715,-84.25842033920678,Single Family,Atlanta,Good,Good,2025-07-29,607500.0
203,7,3.5,3682,9148,3.0,2007,0,33.713750034887084,-84.36205661694015,Single Family,Ellenwood,Good,Good,2025-07-28,435000.0
204,5,4.0,3390,5227,3.0,2021,0,33.835001983569256,-84.35258458200808,Single Family,Decatur,Good,Excellent,2025-07-30,950000.0
205,5,6.0,3999,8712,3.0,2016,0,33.792344221604225,-84.2880487433839,Single Family,Decatur,Good,Excellent,2025-07-30,1615000.0
206,4,2.0,1555,10019,2.0,2013,0,33.69412099185737,-84.23701505304567,Single Family,Stone Mountain,Good,Fair,2001-06-27,142400.0
207,5,5.0,4106,7841,3.0,2013,0,33.78072375015179,-84.24793461171588,Single Family,Brookhaven,Good,Excellent,2025-08-06,1075000.0
208,5,5.0,3430,6970,3.0,2020,0,33.79097912178431,-84.30483861102563,Single Family,Brookhaven,Excellent,Excellent,2025-07-31,1375000.0
209,3,2.0,2532,7405,2.0,2012,0,33.732591118963,-84.30010425816442,Single Family,Atlanta,Good,Excellent,2025-07-30,985000.0
210,4,3.5,2878,6970,2.0,2005,0,33.68321262080113,-84.36962976676249,Single Family,Atlanta,Good,Excellent,2025-07-30,845000.0
211,3,2.5,2152,4356,2.0,2020,0,33.76809331183077,-84.37558134778492,Single Family,Atlanta,Good,Excellent,2025-08-01,885000.0
212,2,2.0,1677,16117,2.0,2012,0,33.848347640375785,-84.33965730155813,Single Family,Atlanta,Good,Excellent,2025-07-29,750000.0
213,5,4.5,5128,9148,3.0,2013,0,33.769243454428214,-84.23350954022818,Single Family,Brookhaven,Excellent,Excellent,2025-07-28,1300000.0
214,4,2.5,2750,8712,2.0,2021,0,33.78530776500861,-84.20804599442597,Single Family,Lithonia,Good,Good,2025-07-29,405000.0
215,3,3.5,3062,7841,3.0,1998,0,33.70616593808182,-84.34165238607046,Single Family,Atlanta,Good,Excellent,2025-08-04,725000.0
216,4,2.0,2653,23522,2.0,2006,0,33.83009293426612,-84.19805385640531,Single Family,Lithonia,Excellent,Fair,2025-07-30,415000.0
217,4,3.0,2392,7841,2.0,2008,0,33.724982011618955,-84.26032842799216,Single Family,Atlanta,Good,Excellent,2025-08-11,705000.0
218,4,2.5,3740,36590,3.0,1993,0,33.78011509052982,-84.30513057602174,Single Family,Atlanta,Excellent,Excellent,2025-07-31,950000.0
219,3,2.5,2646,6534,2.0,2002,0,33.678164829043695,-84.211333044763,Single Family,Avondale Estates,Good,Good,2025-07-30,538000.0
220,5,3.0,3614,14810,3.0,2015,0,33.8061672566364,-84.19746380626769,Single Family,Conyers,Good,Good,2016-02-12,255690.0
222,4,3.0,3572,32234,3.0,1993,0,33.68852789596766,-84.2632425584855,Single Family,Stone Mountain,Good,Good,2025-07-30,560000.0
223,3,2.5,2099,80586,2.0,1998,0,33.71091603266459,-84.33765175332023,Single Family,Tucker,Good,Good,2025-07-31,475000.0
224,6,5.5,4451,6534,3.0,2017,0,33.82177453932579,-84.2447946726565,Single Family,Atlanta,Excellent,Excellent,2025-08-02,1230000.0
225,6,5.0,5025,10454,3.0,2018,0,33.72039832965568,-84.23627116779491,Single Family,Brookhaven,Excellent,Excellent,2025-08-14,1725000.0
226,4,3.5,3226,7405,3.0,2013,0,33.66461666504365,-84.18398175455482,Single Family,Brookhaven,Excellent,Excellent,2025-08-01,1080000.0
227,5,3.5,3152,20473,3.0,2020,0,33.725520426657766,-84.1832193463082,Single Family,Avondale Estates,Good,Excellent,2025-08-01,1100000.0
228,3,2.5,2494,9148,2.0,2006,0,33.77340627487164,-84.20031223301258,Single Family,Atlanta,Good,Good,2025-08-01,341000.0
229,5,4.0,3950,47480,3.0,2003,0,33.8128493660368,-84.18940858235814,Single Family,Stone Mountain,Good,Good,2025-08-07,600000.0
230,4,4.0,2732,9148,2.0,2003,0,33.74652791164368,-84.23961624292973,Single Family,Decatur,Good,Excellent,2025-08-01,860000.0
231,4,3.5,3063,10454,3.0,2022,0,33.67126225238904,-84.35991508971243,Single Family,Decatur,Excellent,Excellent,2025-08-07,899000.0
232,3,2.0,1900,14810,2.0,2012,0,33.79460966059557,-84.19325725386749,Single Family,Decatur,Good,Excellent,2025-08-01,810000.0
233,5,7.0,12117,81457,3.0,2006,0,33.72291976050843,-84.20424872556485,Single Family,Lithonia,Excellent,Excellent,2025-08-11,1250000.0
234,3,2.5,2245,6970,2.0,2003,0,33.68333706611552,-84.23845338504827,Single Family,Atlanta,Excellent,Good,2025-08-01,600000.0
235,4,3.5,2620,15682,2.0,2020,0,33.75331195768826,-84.20597500609463,Single Family,Atlanta,Good,Excellent,2025-08-06,645000.0
236,3,3.0,1403,7841,1.0,2020,0,33.774794885985244,-84.31762723726735,Single Family,Atlanta,Good,Excellent,2025-08-01,675000.0
237,4,2.5,3925,18295,3.0,2003,0,33.678752921395535,-84.27234665833343,Single Family,Atlanta,Good,Excellent,2025-08-01,753000.0
238,6,4.0,3390,19602,3.0,2012,0,33.680850555965044,-84.29055399914226,Single Family,Atlanta,Good,Excellent,2025-08-05,749000.0
239,4,3.5,4334,10019,3.0,2006,0,33.768599215571896,-84.25153531330788,Single Family,Brookhaven,Good,Excellent,2025-08-05,1180000.0
240,6,4.0,2941,9148,2.0,1998,0,33.74196675680694,-84.34370897474788,Single Family,Stone Mountain,Good,Fair,2025-08-06,399900.0
241,4,3.5,2547,6970,2.0,2016,0,33.82412654228466,-84.2770968823779,Single Family,Decatur,Good,Good,2025-08-01,530000.0
242,4,3.0,2722,19602,2.0,2012,0,33.66914859224206,-84.37069239191759,Single Family,Atlanta,Good,Excellent,2025-08-01,649900.0
243,4,3.5,2700,13504,2.0,2020,0,33.77418198555569,-84.29280115092249,Single Family,Decatur,Good,Good,2025-08-01,399900.0
244,6,3.5,3507,11326,3.0,2012,0,33.7364404909618,-84.34563270229037,Single Family,Stone Mountain,Good,Fair,2025-08-12,380000.0
245,7,7.0,8107,17424,3.0,2006,0,33.69282412346039,-84.35894310427116,Single Family,Atlanta,Excellent,Excellent,2025-08-01,1650000.0
246,4,3.5,3696,14810,3.0,2018,0,33.74208614473285,-84.26035108826542,Single Family,Decatur,Good,Good,2023-10-16,540000.0
247,3,2.5,2092,2614,2.0,2018,0,33.71278221391698,-84.22651337424696,Single Family,Atlanta,Good,Excellent,2025-08-04,874600.0
248,4,3.0,2522,14810,2.0,2020,0,33.7762953326896,-84.21269327312312,Single Family,Atlanta,Good,Good,2025-08-05,550000.0
249,5,4.0,3629,18731,3.0,2020,0,33.72266576070341,-84.23017658469271,Single Family,Atlanta,Good,Excellent,2025-08-04,970000.0
250,4,4.0,3034,6534,3.0,2019,0,33.774627664366655,-84.33879744107094,Single Family,Lithonia,Good,Fair,2025-08-05,383000.0
251,4,3.0,2880,12197,2.0,2015,0,33.73389097341135,-84.28980493036606,Single Family,Decatur,Good,Excellent,2025-08-05,885000.0
252,4,2.5,2927,8276,2.0,2017,0,33.70909586063585,-84.20743670214982,Single Family,Lithonia,Good,Fair,2025-08-04,360000.0
253,4,2.5,3700,6534,3.0,2012,0,33.675041210305636,-84.37716467110387,Single Family,Brookhaven,Good,Excellent,2025-08-04,910000.0
254,3,2.5,2130,5663,2.0,2012,0,33.682076138504144,-84.36534672685433,Single Family,Brookhaven,Good,Excellent,2025-08-05,765000.0
255,5,4.5,6294,15682,3.0,2020,0,33.84456091846141,-84.2569503662329,Single Family,Brookhaven,Good,Excellent,2025-08-06,1535000.0
256,5,3.0,3137,13504,3.0,2020,0,33.829039428977,-84.19594077600262,Single Family,Decatur,Good,Excellent,2025-08-07,975000.0
257,3,3.0,1846,6534,2.0,2012,0,33.656824584775755,-84.32961313435725,Single Family,Atlanta,Good,Excellent,2025-08-05,775000.0
258,4,3.5,3029,5227,3.0,2021,0,33.77572746265855,-84.33146884451368,Single Family,Atlanta,Good,Excellent,2025-08-06,879900.0
259,6,5.0,5112,13504,3.0,2003,0,33.81523122355736,-84.23805128844,Single Family,Atlanta,Good,Excellent,2025-08-11,1200000.0
260,6,3.5,4824,23087,3.0,2003,0,33.755191097689384,-84.20472646481736,Single Family,Atlanta,Good,Excellent,2025-08-06,928015.0
261,3,2.5,2319,9148,2.0,2003,0,33.84284439761529,-84.34425943347487,Single Family,Atlanta,Good,Good,2025-08-09,540000.0
262,4,4.0,3974,23958,3.0,2012,0,33.840750116432346,-84.22293072789478,Single Family,Atlanta,Good,Excellent,2025-08-19,865000.0
264,4,4.0,3210,6098,3.0,2014,0,33.75789159961593,-84.18789323187517,Single Family,Decatur,Excellent,Excellent,2025-08-07,1375000.0
265,3,2.0,1742,12197,2.0,1993,0,33.721196710238104,-84.37000128139088,Single Family,Atlanta,Good,Excellent,2025-08-07,850000.0
266,4,2.5,2322,15682,2.0,2000,0,33.82253045139297,-84.20505249894828,Single Family,Decatur,Good,Excellent,2025-03-20,787500.0
267,5,3.0,2675,17860,2.0,1993,0,33.681198541683024,-84.37778833940655,Single Family,Atlanta,Good,Excellent,2025-08-08,700000.0
268,5,5.0,4176,11326,3.0,2016,0,33.720769401131285,-84.31111781956587,Single Family,Brookhaven,Good,Excellent,2025-08-12,1550000.0
269,4,2.5,2023,16117,2.0,2003,0,33.75581731045805,-84.33751425223076,Single Family,Lithonia,Good,Fair,2025-08-08,282000.0
270,5,3.0,2410,6970,2.0,2020,0,33.70004615940805,-84.25730040413814,Single Family,Lithonia,Good,Fair,2025-08-08,355000.0
271,6,6.5,6250,9148,3.0,2006,0,33.72850085498372,-84.26448235354664,Single Family,Brookhaven,Excellent,Excellent,2025-08-14,1125000.0
272,5,3.0,3507,14810,3.0,2012,0,33.70147792852598,-84.19683575923658,Single Family,Atlanta,Good,Excellent,2025-08-11,991000.0
273,6,5.5,4557,11326,3.0,2022,0,33.836165809699516,-84.31362978941324,Single Family,Brookhaven,Excellent,Excellent,2025-08-08,1995000.0
274,4,2.5,2474,14375,2.0,2012,0,33.79150265857868,-84.26336408646672,Single Family,Decatur,Good,Excellent,2025-08-12,805000.0
275,4,2.5,1630,11326,2.0,2003,0,33.683671388053575,-84.23878971176444,Single Family,Decatur,Good,Good,2025-08-12,485000.0
276,3,2.5,1562,11761,2.0,1993,0,33.760786856992986,-84.3072919313469,Single Family,Brookhaven,Good,Good,2025-08-12,555000.0
277,4,2.5,2024,4356,2.0,2016,0,33.65081793272402,-84.25371006769167,Single Family,Lithonia,Good,Fair,2025-08-14,299900.0
278,5,4.0,2919,14810,2.0,2006,0,33.81009035902484,-84.25525604391225,Single Family,Atlanta,Good,Excellent,2025-08-14,1185000.0
279,3,2.0,2503,16117,2.0,2012,0,33.84797601093651,-84.24917950250997,Single Family,Atlanta,Good,Excellent,2025-08-14,685000.0
280,3,2.5,2688,15246,2.0,2006,0,33.714615617780744,-84.36399937093869,Single Family,Atlanta,Good,Excellent,2025-08-13,915000.0
281,4,2.0,2404,21780,2.0,1993,0,33.84539095029984,-84.32115385403559,Single Family,Atlanta,Good,Excellent,2025-08-13,675000.0
282,4,2.5,2492,7841,2.0,2019,0,33.689734429648375,-84.2645626017118,Single Family,Lithonia,Good,Fair,2025-08-13,352000.0
283,4,3.0,2320,7841,2.0,2003,0,33.788118706033586,-84.27464904569797,Single Family,Brookhaven,Good,Excellent,2025-08-27,721000.0
284,3,3.0,2273,6534,2.0,2020,0,33.74634172398886,-84.24602700451754,Single Family,Brookhaven,Good,Excellent,2025-08-13,745000.0
285,3,2.5,2088,8276,2.0,2003,0,33.65500274205768,-84.35216616694213,Single Family,Decatur,Good,Good,2025-08-15,492000.0
286,4,3.5,2553,15246,2.0,2020,0,33.65183857655321,-84.37721952469249,Single Family,Decatur,Good,Excellent,2025-08-13,890000.0
287,4,3.5,2558,10019,2.0,2020,0,33.81420921735173,-84.32438695277229,Single Family,Decatur,Good,Excellent,2025-08-18,1035000.0
288,4,3.5,3789,13939,3.0,2004,0,33.723380908125876,-84.32348612539276,Single Family,Brookhaven,Good,Excellent,2025-08-13,1010000.0
289,4,2.5,2600,25265,2.0,1998,0,33.8358763517984,-84.35585398185503,Single Family,Stone Mountain,Good,Fair,2025-08-19,355000.0
290,4,2.5,2825,6534,2.0,2002,0,33.80225849210157,-84.21533148076632,Single Family,Scottdale,Good,Good,2025-08-14,480000.0
291,4,2.5,2319,23522,2.0,2001,0,33.67458794692271,-84.18274278350277,Single Family,Stone Mountain,Good,Fair,2013-05-31,112000.0
292,4,3.5,2947,8712,2.0,2006,0,33.749134553004644,-84.29419110531211,Single Family,Brookhaven,Good,Excellent,2025-08-15,890000.0
293,4,3.0,2219,20038,2.0,1993,0,33.79039848139756,-84.32784232656086,Single Family,Stone Mountain,Good,Fair,2025-08-20,355000.0
294,4,2.5,2080,7405,2.0,2006,0,33.71222615164304,-84.37685189523266,Single Family,Lithonia,Good,Fair,2025-08-18,297000.0
295,5,5.0,4348,10890,3.0,2003,0,33.751802119974855,-84.24961427981955,Single Family,Avondale Estates,Excellent,Excellent,2025-08-19,1225000.0
296,6,5.5,6042,21780,3.0,2022,0,33.806726048691324,-84.20668850504906,Single Family,Ellenwood,Good,Excellent,2025-09-03,669900.0
297,5,3.0,2579,25700,2.0,2006,0,33.78271116609084,-84.34874842695365,Single Family,Tucker,Good,Good,2025-08-15,550000.0
298,5,4.5,3140,6098,3.0,2018,0,33.79655476602462,-84.25988080448086,Single Family,Atlanta,Good,Excellent,2025-08-19,1035000.0
299,5,4.5,4306,11326,3.0,2013,0,33.75281350205644,-84.23002128053102,Single Family,Atlanta,Excellent,Excellent,2025-08-19,1100000.0
300,4,4.0,3873,15246,3.0,1998,0,33.67137954146545,-84.35132998237191,Single Family,Atlanta,Good,Excellent,2025-08-19,880000.0
301,5,5.0,6854,19166,3.0,2013,0,33.750474559919866,-84.2536559900859,Single Family,Atlanta,Excellent,Excellent,2025-08-19,1550000.0
302,3,2.5,2344,13068,2.0,2006,0,33.825688277592945,-84.25837740885281,Single Family,Atlanta,Good,Good,2025-08-18,580000.0
303,4,2.5,2370,15246,2.0,1998,0,33.78660362353233,-84.32052140117021,Single Family,Tucker,Good,Good,2025-08-19,500000.0
304,4,3.5,2968,10890,2.0,2006,0,33.67217477302642,-84.18633306534932,Single Family,Stone Mountain,Good,Good,2025-08-20,405000.0
305,3,2.5,1472,15682,1.0,1998,0,33.74846082368743,-84.26732956325652,Single Family,Stone Mountain,Good,Fair,2025-08-18,310000.0
306,4,3.0,2972,13504,2.0,2006,0,33.79199779181417,-84.37027205169386,Single Family,Decatur,Good,Excellent,2025-08-19,642000.0
307,3,2.0,1224,4792,1.0,2012,0,33.83943645489771,-84.20083422743369,Single Family,Avondale Estates,Good,Good,2025-08-20,362000.0
308,5,2.5,2475,20038,2.0,2012,0,33.73901213719171,-84.35049492972028,Single Family,Decatur,Good,Fair,2021-08-09,325000.0
309,4,2.5,2421,16988,2.0,2012,0,33.76973458999637,-84.36077566865525,Single Family,Atlanta,Good,Excellent,2025-08-19,705000.0
310,5,3.0,2300,5227,2.0,2014,0,33.6622005904218,-84.37932889584103,Single Family,Decatur,Good,Fair,2025-08-21,333000.0
311,4,2.5,2676,6534,2.0,2003,0,33.77466685719439,-84.19652399910296,Single Family,Decatur,Good,Excellent,2025-08-19,650000.0
312,3,3.0,1774,6534,2.0,2012,0,33.82837449440274,-84.28016017854291,Single Family,Atlanta,Good,Excellent,2025-08-19,739000.0
313,4,3.0,3500,11326,3.0,2012,0,33.72120451853684,-84.37367590890598,Single Family,Atlanta,Good,Excellent,2025-08-18,1020000.0
314,4,2.5,2218,27443,2.0,2003,0,33.695713562420536,-84.31632150967727,Single Family,Brookhaven,Good,Excellent,2022-11-15,615000.0
315,5,5.5,6716,16117,3.0,2004,0,33.76136542506841,-84.2885174143708,Single Family,Atlanta,Good,Excellent,2025-08-22,1240000.0
316,2,2.5,2219,18295,2.0,2012,0,33.70347664425617,-84.32066728626985,Single Family,Atlanta,Excellent,Excellent,2025-08-20,830000.0
317,3,2.5,2100,5227,2.0,2007,0,33.698688997430125,-84.332712852313,Single Family,Atlanta,Excellent,Excellent,2025-08-22,875000.0
318,4,3.5,4023,18295,3.0,1993,0,33.687324150173154,-84.3739593670485,Single Family,Brookhaven,Excellent,Excellent,2025-08-21,1175000.0
319,5,5.5,3490,9148,3.0,2012,0,33.83750652505585,-84.23920418400827,Single Family,Atlanta,Excellent,Excellent,2025-08-20,1600000.0
320,4,3.0,2368,13939,2.0,2012,0,33.69808312453309,-84.31921124709302,Single Family,Decatur,Good,Excellent,2025-08-22,627500.0
321,4,3.5,3203,17860,3.0,2020,0,33.69215232226614,-84.21403241444827,Single Family,Decatur,Good,Excellent,2025-08-22,1526000.0
322,6,4.5,2925,26136,2.0,2006,0,33.76345408808533,-84.30595583668442,Single Family,Ellenwood,Good,Fair,2025-08-26,363300.0
323,4,4.5,3410,1742,3.0,2020,0,33.72272706201886,-84.23272843891472,Single Family,Atlanta,Good,Excellent,2025-08-21,855000.0
324,4,3.0,2196,17860,2.0,2020,0,33.7963781542197,-84.2071110486935,Single Family,Lithonia,Good,Fair,2025-08-20,309990.0
325,5,4.0,3232,14375,3.0,2016,0,33.832086617928425,-84.2714704605009,Single Family,Atlanta,Good,Excellent,2025-08-20,1150000.0
326,6,5.0,6080,19602,3.0,2014,0,33.78942288916762,-84.31056022480861,Single Family,Atlanta,Excellent,Excellent,2025-09-08,1750000.0
327,4,2.5,2822,6970,2.0,2021,0,33.64990781754635,-84.33349654088349,Single Family,Lithonia,Good,Fair,2025-08-21,371000.0
328,5,5.0,5215,10019,3.0,2018,0,33.75027680171298,-84.20581493522613,Single Family,Brookhaven,Excellent,Excellent,2025-08-25,1650000.0
329,5,4.0,4325,13068,3.0,2006,0,33.83877196385564,-84.21459313551081,Single Family,Brookhaven,Good,Excellent,2025-08-25,999999.0
330,3,2.0,2673,22651,2.0,2012,0,33.791422026422566,-84.1819558892737,Single Family,Tucker,Good,Good,2025-09-04,605000.0
331,3,2.0,2100,7841,2.0,1993,0,33.68497671374568,-84.32728195062079,Single Family,Atlanta,Good,Excellent,2025-08-26,920000.0
332,4,3.5,3109,7841,3.0,2003,0,33.790419313577374,-84.24745569338573,Single Family,Brookhaven,Excellent,Excellent,2025-08-28,905000.0
333,5,3.0,3160,11761,3.0,2013,0,33.71355208321905,-84.24279978152498,Single Family,Decatur,Good,Fair,2025-08-22,366000.0
334,4,4.5,4797,14810,3.0,2006,0,33.72944936440019,-84.3483716861284,Single Family,Stone Mountain,Good,Fair,2025-08-27,460000.0
335,4,4.5,3927,19602,3.0,1993,0,33.683653908380606,-84.29340420985793,Single Family,Atlanta,Good,Excellent,2025-08-27,842500.0
336,4,3.5,3147,7405,3.0,2006,0,33.838374126876495,-84.30668371191663,Single Family,Atlanta,Good,Excellent,2025-08-22,815000.0
337,4,3.5,3256,7841,3.0,2016,0,33.66400559365218,-84.19532053932072,Single Family,Lithonia,Good,Good,2025-08-25,390000.0
339,5,4.0,4130,11761,3.0,2006,0,33.660833818683344,-84.30847540963659,Single Family,Stone Mountain,Good,Good,2024-11-14,310000.0
340,4,3.0,2980,14810,2.0,1993,0,33.842160787696606,-84.30887663252868,Single Family,Atlanta,Good,Excellent,2025-08-27,625000.0
341,6,5.0,4088,7841,3.0,1925,0,33.71017255428549,-84.19998698935481,Single Family,Atlanta,Excellent,Excellent,2025-08-26,1320000.0
342,4,3.5,3200,19602,3.0,2006,0,33.81059279978959,-84.25506416761736,Single Family,Atlanta,Excellent,Excellent,2025-08-28,949000.0
343,6,3.5,4305,17860,3.0,2003,0,33.80068310618472,-84.29190958391082,Single Family,Decatur,Good,Good,2025-09-15,405000.0
344,3,2.0,1804,18295,2.0,2012,0,33.8150164380471,-84.3495531956754,Single Family,Atlanta,Good,Excellent,2025-08-26,600000.0
345,3,2.5,2590,6970,2.0,2003,0,33.76896785972874,-84.31864597498627,Single Family,Brookhaven,Good,Excellent,2025-08-28,715000.0
346,3,3.5,2700,23087,2.0,1993,0,33.67384707157367,-84.29041424067304,Single Family,Lithonia,Good,Fair,2025-08-26,359000.0
347,4,2.0,2372,8276,2.0,2020,0,33.762153491255084,-84.27017064863308,Single Family,Atlanta,Good,Excellent,2025-08-26,1259000.0
348,4,3.5,3275,7405,3.0,2003,0,33.73343004166948,-84.35492217581215,Single Family,Atlanta,Good,Excellent,2007-07-16,557000.0
349,4,2.5,1844,31363,2.0,2008,0,33.67574960694319,-84.31589941130585,Single Family,Stone Mountain,Good,Fair,2025-08-27,350000.0
350,4,2.5,2532,13068,2.0,2006,0,33.826392933125945,-84.2820566060189,Single Family,Stone Mountain,Good,Fair,2025-09-11,402000.0
351,4,2.0,2676,10890,2.0,2006,0,33.807261838653986,-84.35347574713728,Single Family,Stone Mountain,Good,Fair,2025-08-27,378500.0
352,6,4.0,5061,16553,3.0,1996,0,33.80905583901425,-84.334806744351,Single Family,Stone Mountain,Good,Fair,2025-09-02,350000.0
353,6,7.0,8994,47480,3.0,2010,0,33.66868874414465,-84.21396930729921,Single Family,Decatur,Excellent,Excellent,2025-08-29,1985000.0
354,4,3.5,2862,7841,2.0,2013,0,33.741882719175514,-84.24909450945229,Single Family,Brookhaven,Good,Excellent,2025-08-29,908000.0
355,4,3.5,2780,6098,2.0,2006,0,33.73891016627342,-84.37926720373628,Single Family,Brookhaven,Good,Excellent,2025-09-02,785000.0
356,5,2.5,2109,20473,2.0,2012,0,33.77552963287089,-84.34050524162413,Single Family,Stone Mountain,Good,Fair,2025-08-27,364900.0
357,5,4.0,4380,17860,3.0,2002,0,33.68551009261783,-84.2953698715396,Single Family,Brookhaven,Excellent,Excellent,2025-08-30,1285000.0
358,6,5.5,6466,25265,3.0,2007,0,33.79908018011834,-84.19993930438595,Single Family,Lithonia,Excellent,Excellent,2025-09-17,649500.0
359,4,4.0,2487,10454,2.0,2022,0,33.64994279164108,-84.22968668396963,Single Family,Tucker,Excellent,Excellent,2025-09-15,635000.0
360,4,2.5,2619,17860,2.0,1993,0,33.779454639218564,-84.18964914055167,Single Family,Atlanta,Good,Excellent,2025-09-02,675000.0
361,4,2.0,2662,32234,2.0,2012,0,33.698236032318945,-84.19195845347477,Single Family,Brookhaven,Good,Excellent,2025-09-03,876500.0
362,4,4.5,4432,2614,3.0,2013,0,33.71796625398413,-84.3162810502256,Single Family,Brookhaven,Excellent,Excellent,2025-09-02,975000.0
363,5,4.0,3532,15682,3.0,2007,0,33.72925655098316,-84.36931532261384,Single Family,Atlanta,Excellent,Excellent,2025-09-04,865000.0
364,4,2.5,2028,14810,2.0,2006,0,33.8343684351663,-84.29178287668077,Single Family,Decatur,Good,Fair,2012-12-19,104900.0
365,4,3.0,2393,5663,2.0,2023,0,33.781258782051175,-84.2912398807444,Single Family,Lithonia,Good,Fair,2025-03-03,360142.0
366,4,2.0,1634,15246,2.0,1993,0,33.748002005783455,-84.26642491694965,Single Family,Stone Mountain,Good,Fair,2025-08-29,299000.0
367,6,6.5,4415,12197,3.0,2023,0,33.7132565210535,-84.23740322250045,Single Family,Decatur,Excellent,Excellent,2025-09-03,1750000.0
368,5,4.0,3178,26572,3.0,2017,0,33.677294379619234,-84.33477347721852,Single Family,Decatur,Good,Good,2025-09-08,495000.0
369,4,3.0,2485,5227,2.0,1925,0,33.72563530768278,-84.33340937197464,Single Family,Decatur,Excellent,Excellent,2025-09-11,980000.0
370,4,3.5,3410,5227,3.0,2018,0,33.734017983213185,-84.36069953614961,Single Family,Atlanta,Good,Excellent,2025-09-03,737625.0
371,4,3.5,4296,22216,3.0,2012,0,33.78012253666579,-84.34235188705928,Single Family,Atlanta,Good,Excellent,2025-09-03,977500.0
372,5,3.0,3256,11761,3.0,2012,0,33.685357202870925,-84.3609334205426,Single Family,Atlanta,Good,Excellent,2025-09-03,1195000.0
373,4,3.0,3646,16988,3.0,2020,0,33.752391682239114,-84.37324685287064,Single Family,Atlanta,Excellent,Excellent,2025-09-03,1100000.0
374,5,3.5,4241,11326,3.0,2007,0,33.82283574602005,-84.20787179837885,Single Family,Atlanta,Excellent,Excellent,2025-09-02,1792500.0
375,3,4.0,2665,6534,2.0,2015,0,33.75914387154776,-84.24927848838183,Single Family,Atlanta,Good,Good,2025-09-03,514000.0
376,4,4.0,3369,44867,3.0,2020,0,33.74169489380772,-84.20315958270112,Single Family,Atlanta,Good,Excellent,2025-09-03,1350000.0
377,3,2.5,2724,7405,2.0,2006,0,33.836354166151104,-84.33563496069245,Single Family,Atlanta,Good,Excellent,2025-09-02,715000.0
378,4,4.0,2334,17860,2.0,2012,0,33.69017792519542,-84.33961402521295,Single Family,Atlanta,Excellent,Excellent,2025-09-04,1352000.0
379,4,2.5,2146,17424,2.0,2012,0,33.70855465512017,-84.1879400910802,Single Family,Atlanta,Good,Good,2025-09-03,620000.0
380,5,6.0,6978,13939,3.0,2007,0,33.7929359995637,-84.3642463876473,Single Family,Brookhaven,Excellent,Excellent,2025-09-03,2165000.0
381,4,3.5,3681,9583,3.0,2006,0,33.84851991400624,-84.3673411904239,Single Family,Brookhaven,Good,Excellent,2025-09-03,820000.0
382,5,3.0,2654,6970,2.0,2023,0,33.66597022139129,-84.21242153960918,Single Family,Conley,Good,Good,2025-09-10,400000.0
383,4,2.0,3106,10454,3.0,2006,0,33.799240606163245,-84.19921986987362,Single Family,Stone Mountain,Good,Good,2025-09-02,375000.0
384,4,3.5,3125,10454,3.0,2021,0,33.79963413711315,-84.26633010959061,Single Family,Lithonia,Good,Good,2025-09-03,435000.0
385,3,3.0,3064,12197,3.0,2017,0,33.68685792213562,-84.22854178690504,Single Family,Lithonia,Good,Fair,2025-09-03,355000.0
386,4,3.0,2972,6970,2.0,2015,0,33.68729216564762,-84.20696011331269,Single Family,Atlanta,Good,Excellent,2025-09-04,915000.0
387,4,3.5,2954,3920,2.0,2012,0,33.83636945401593,-84.32039107953642,Single Family,Atlanta,Good,Excellent,2025-09-03,843900.0
388,4,3.0,2691,12632,2.0,2017,0,33.65096274022245,-84.22202509145794,Single Family,Atlanta,Good,Excellent,2025-09-04,718000.0
389,4,3.0,2049,11761,2.0,2020,0,33.730043651013226,-84.29506933559756,Single Family,Decatur,Good,Fair,2025-09-04,308500.0
390,4,3.5,3233,5663,3.0,2006,0,33.792407332528796,-84.32580992658177,Single Family,Atlanta,Excellent,Excellent,2025-09-04,710000.0
391,3,2.0,1554,17424,2.0,2005,0,33.654941022555455,-84.32217990159184,Single Family,Decatur,Good,Good,2025-09-03,437000.0
392,4,2.5,3353,21780,3.0,1993,0,33.77107187906268,-84.30967586548985,Single Family,Atlanta,Good,Excellent,2025-09-03,865000.0
393,4,3.5,3288,6098,3.0,2019,0,33.69867468137899,-84.31043066239545,Single Family,Atlanta,Good,Excellent,2025-09-04,826500.0
394,4,2.5,2437,23958,2.0,2020,0,33.83761824556482,-84.3440377836201,Single Family,Tucker,Good,Good,2025-09-09,523000.0
395,4,3.5,3713,18731,3.0,2020,0,33.69402166617395,-84.36459364016814,Single Family,Decatur,Excellent,Excellent,2025-09-04,1615000.0
396,6,5.0,5067,13939,3.0,2015,0,33.822883860984156,-84.19612966616394,Single Family,Brookhaven,Good,Excellent,2016-03-17,1035000.0
397,5,3.5,3269,16988,3.0,2010,0,33.82520148945818,-84.36325642580921,Single Family,Avondale Estates,Good,Excellent,2020-07-27,715000.0
398,6,5.5,4125,14375,3.0,2015,0,33.65511582396958,-84.31309113712123,Single Family,Brookhaven,Excellent,Excellent,2025-09-10,1595000.0
399,4,2.5,2701,17860,2.0,2003,0,33.718524584290535,-84.2900705060312,Single Family,Atlanta,Good,Excellent,2025-09-09,663000.0
400,3,4.5,5319,43571,3.0,2020,0,33.725504454920355,-84.28174874445219,Single Family,Atlanta,Excellent,Excellent,2025-09-08,935000.0
401,3,2.0,1482,14375,1.0,1993,0,33.77517906185577,-84.18662374095307,Single Family,Decatur,Good,Fair,2025-09-10,355000.0
402,4,4.0,3432,13504,3.0,2020,0,33.80411018626708,-84.29230541100124,Single Family,Atlanta,Excellent,Excellent,2025-09-11,1800000.0
403,3,2.0,2095,16117,2.0,1993,0,33.78939454324704,-84.35964148375596,Single Family,Atlanta,Good,Excellent,2025-09-08,606000.0
404,4,2.5,2234,8276,2.0,2012,0,33.716803348478805,-84.30365566056015,Single Family,Tucker,Good,Good,2019-04-08,311000.0
405,4,3.0,2857,20909,2.0,2020,0,33.77855139882321,-84.36683092868961,Single Family,Atlanta,Good,Excellent,2021-03-12,430000.0
406,5,4.0,3116,19602,3.0,2020,0,33.69748251992336,-84.22526999942474,Single Family,Decatur,Good,Excellent,2025-09-10,1150000.0
407,3,2.0,1600,5663,2.0,2020,0,33.80586440492718,-84.30695243053968,Single Family,Decatur,Excellent,Excellent,2025-09-11,800000.0
408,4,2.0,1754,9148,2.0,2020,0,33.723467456568834,-84.33007526625995,Single Family,Atlanta,Good,Excellent,2025-09-11,699900.0
409,4,3.5,2606,1307,2.0,2014,0,33.814353977226425,-84.27538036036732,Single Family,Atlanta,Good,Excellent,2025-09-10,700000.0
410,5,2.5,3212,30056,3.0,2006,0,33.70682947469396,-84.37518534280417,Single Family,Ellenwood,Good,Fair,2025-09-11,352000.0
411,6,4.0,3593,17424,3.0,2024,0,33.75402209197528,-84.23785752879644,Single Family,Stone Mountain,Good,Good,2025-09-11,545000.0
412,3,2.0,1915,18295,2.0,1993,0,33.76872784378044,-84.36943852565962,Single Family,Atlanta,Good,Good,2025-09-11,485000.0
413,5,3.5,3538,15246,3.0,2012,0,33.75975219397532,-84.23733620505838,Single Family,Atlanta,Good,Excellent,2025-09-11,805000.0
414,6,6.0,5980,10019,3.0,2019,0,33.720937104907854,-84.22001397539398,Single Family,Brookhaven,Excellent,Excellent,2025-09-11,1662500.0
415,5,3.0,3785,27007,3.0,2012,0,33.788007149352524,-84.21833920970289,Single Family,Atlanta,Excellent,Excellent,2025-09-18,1270000.0
416,4,2.5,2466,10890,2.0,2003,0,33.68007580584931,-84.31016526623796,Single Family,Lithonia,Good,Fair,2025-09-19,349000.0
417,5,4.5,4136,64904,3.0,2012,0,33.68293240014069,-84.36576954451137,Single Family,Stone Mountain,Good,Good,2017-03-13,284500.0
418,3,3.0,2128,10890,2.0,2006,0,33.84481464986331,-84.35258344146453,Single Family,Atlanta,Good,Excellent,2021-05-07,450000.0
419,4,3.5,2266,8276,2.0,2003,0,33.76978882378991,-84.24733376594395,Single Family,Brookhaven,Good,Excellent,2023-08-07,755000.0
420,5,4.5,4198,16988,3.0,1993,0,33.72101253260092,-84.36754179280297,Single Family,Atlanta,Good,Excellent,2025-09-16,950000.0
421,6,4.5,3190,11761,3.0,2006,0,33.678175183293014,-84.2358874162173,Single Family,Lithonia,Good,Good,2025-09-19,509900.0
422,4,3.0,3100,12632,3.0,2012,0,33.687758504737786,-84.30786329779467,Single Family,Brookhaven,Good,Excellent,2025-09-18,935000.0
423,5,4.0,3774,6534,3.0,2024,0,33.725142897460266,-84.26174502688815,Single Family,Brookhaven,Excellent,Excellent,2025-09-17,1685000.0
424,5,5.5,3340,13068,3.0,2016,0,33.65223213035843,-84.24901260137507,Single Family,Atlanta,Good,Excellent,2025-09-16,989900.0
425,2,2.5,1493,2178,1.0,2021,0,33.80329223763564,-84.3725468532434,Single Family,Atlanta,Good,Good,2025-09-16,590000.0
426,3,2.0,2312,9148,2.0,1998,0,33.65434539397525,-84.22926169941046,Single Family,Lithonia,Good,Fair,2025-09-18,255000.0
427,4,3.0,2896,6970,2.0,2013,0,33.79976703070058,-84.25917767922198,Single Family,Decatur,Good,Excellent,2025-09-16,1050000.0
428,3,2.5,1906,12632,2.0,1998,0,33.71481145402311,-84.36579573768073,Single Family,Decatur,Good,Good,2025-10-02,455000.0
429,4,2.5,2424,15682,2.0,1998,0,33.68616078584088,-84.35506694543321,Single Family,Decatur,Good,Fair,2025-09-19,370000.0
430,5,3.0,3000,24829,3.0,2020,0,33.75963969263996,-84.35707735820075,Single Family,Atlanta,Good,Excellent,2025-09-15,650000.0
431,4,2.5,2679,5227,2.0,2003,0,33.738749308776335,-84.32140678167654,Single Family,Atlanta,Good,Excellent,2025-09-15,659000.0
432,4,3.0,2787,9583,2.0,2003,0,33.818625290436295,-84.18497158803108,Single Family,Atlanta,Good,Excellent,2025-09-17,699900.0
433,5,3.5,3508,13504,3.0,2012,0,33.735606587720284,-84.25010907958536,Single Family,Atlanta,Excellent,Excellent,2025-09-16,1075000.0
434,4,3.0,2168,6970,2.0,2020,0,33.70866378470154,-84.18576195257073,Single Family,Atlanta,Good,Excellent,2025-09-17,715000.0
435,4,3.5,3332,15246,3.0,2012,0,33.760260860304534,-84.2956817317835,Single Family,Atlanta,Excellent,Excellent,2017-10-18,610000.0
436,3,2.5,2453,13504,2.0,2006,0,33.84249471658125,-84.31833547287683,Single Family,Ellenwood,Good,Fair,2025-09-18,364000.0
437,4,3.0,2815,19166,2.0,2012,0,33.76101578937052,-84.36563273896054,Single Family,Atlanta,Good,Excellent,2025-09-19,660000.0
438,5,4.0,3590,8276,3.0,2014,0,33.71948448550728,-84.20202258917475,Single Family,Decatur,Excellent,Excellent,2025-09-22,1330000.0
439,4,2.0,2322,53143,2.0,1993,0,33.77395249682134,-84.18972108593175,Single Family,Decatur,Good,Excellent,2025-09-17,875000.0
440,4,3.0,2104,20473,2.0,1993,0,33.84285983524903,-84.28624731104983,Single Family,Stone Mountain,Good,Fair,2025-09-22,325000.0
441,3,2.0,1690,11761,2.0,2023,0,33.71385834408384,-84.22557084375879,Single Family,Atlanta,Good,Good,2025-09-19,517500.0
442,4,2.0,2400,39204,2.0,2020,0,33.698438862757904,-84.25615514979357,Single Family,Atlanta,Good,Excellent,2025-09-19,775000.0
443,5,4.0,3200,7405,3.0,2022,0,33.75516324915604,-84.33520243724014,Single Family,Atlanta,Good,Excellent,2025-09-18,1410000.0
444,3,2.5,1961,15682,2.0,2003,0,33.73176171567224,-84.30360769500881,Single Family,Decatur,Good,Good,2016-05-02,317000.0
445,3,3.0,2369,7405,2.0,2006,0,33.814807193213134,-84.36513419653993,Single Family,Brookhaven,Good,Excellent,2020-07-20,535000.0
446,5,4.0,3774,6534,3.0,2024,0,33.755293666040984,-84.25760610790319,Single Family,Brookhaven,Excellent,Excellent,2025-09-18,1685000.0
447,4,2.5,1696,20038,2.0,2003,0,33.77739225315337,-84.30048237786208,Single Family,Lithonia,Good,Fair,2025-10-15,298500.0
448,3,2.0,1800,12632,2.0,2012,0,33.795349027619146,-84.36598516090284,Single Family,Avondale Estates,Good,Excellent,2017-01-10,417500.0
449,4,3.5,3197,6098,3.0,2014,0,33.77401666444039,-84.34052784599766,Single Family,Brookhaven,Good,Excellent,2023-06-01,1080000.0
450,4,2.5,3515,7841,3.0,2017,0,33.77615611494623,-84.32354709539554,Single Family,Ellenwood,Good,Good,2025-09-16,415000.0
451,4,4.5,4039,15682,3.0,2003,0,33.66677206936007,-84.20120013524102,Single Family,Brookhaven,Good,Excellent,2025-09-22,1190000.0
452,3,2.0,1392,6970,1.0,2012,0,33.786555885503766,-84.33510018008519,Single Family,Atlanta,Good,Excellent,2025-09-23,717000.0
453,5,3.5,3699,24394,3.0,1969,0,33.83039494864837,-84.29903394727785,Single Family,Atlanta,Excellent,Excellent,2025-09-23,839900.0
454,5,5.0,4564,55321,3.0,1993,0,33.77471750854389,-84.20234128375772,Single Family,Atlanta,Good,Excellent,2025-09-23,865000.0
455,5,2.5,2405,10454,2.0,2003,0,33.70682426907123,-84.30531620654321,Single Family,Lithonia,Good,Fair,2025-09-29,309900.0
456,4,3.0,1872,13068,2.0,2003,0,33.68291104786295,-84.33345296897924,Single Family,Decatur,Good,Fair,2025-10-02,359000.0
457,5,3.0,4249,22216,3.0,1993,0,33.73688495290074,-84.34988011355117,Single Family,Decatur,Good,Excellent,2025-09-23,990000.0
459,4,3.0,2666,19166,2.0,2003,0,33.80231665682881,-84.2579491455393,Single Family,Atlanta,Good,Excellent,2020-07-10,429000.0
460,5,6.0,5080,20038,3.0,2021,0,33.74444693132074,-84.1930759358394,Single Family,Brookhaven,Excellent,Excellent,2022-04-21,2350000.0
461,6,5.5,4740,10019,3.0,2023,0,33.7690404360582,-84.34611714685221,Single Family,Atlanta,Excellent,Excellent,2023-09-26,1600000.0
462,5,4.5,5514,60548,3.0,2003,0,33.70523774450568,-84.3648209478719,Single Family,Lithonia,Good,Excellent,2025-09-29,750000.0
463,3,2.5,1728,4356,2.0,1998,0,33.78809332163158,-84.2042204602751,Single Family,Atlanta,Good,Good,2025-09-22,419000.0
464,5,4.0,3187,13939,3.0,2018,0,33.79167075937744,-84.19587964517292,Single Family,Decatur,Excellent,Excellent,2025-09-23,1265000.0
465,4,2.5,3042,19166,3.0,2021,0,33.659874320372374,-84.19112760908905,Single Family,Decatur,Good,Fair,2025-09-23,470000.0
466,4,3.0,2612,19166,2.0,1993,0,33.82070089505117,-84.2126490110591,Single Family,Atlanta,Good,Excellent,2025-09-23,1268000.0
467,5,6.0,6500,21344,3.0,1993,0,33.79591413218977,-84.34191274345429,Single Family,Atlanta,Good,Excellent,2025-11-05,1610000.0
468,3,4.0,2200,10019,2.0,2018,0,33.78187598147112,-84.21418168481303,Single Family,Decatur,Good,Excellent,2019-02-05,397000.0
469,3,2.0,1404,21344,1.0,2003,0,33.77693873562871,-84.2997341746487,Single Family,Tucker,Good,Good,2019-10-21,275000.0
470,4,3.0,2691,18295,2.0,2012,0,33.65338864672853,-84.29610163585626,Single Family,Atlanta,Good,Good,2021-03-29,412000.0
471,5,4.5,4554,32234,3.0,2020,0,33.66383696971096,-84.24457425461797,Single Family,Atlanta,Excellent,Excellent,2022-08-18,830000.0
472,4,2.5,3077,9148,3.0,2006,0,33.73552634217552,-84.23880112517006,Single Family,Atlanta,Good,Excellent,2025-09-29,875000.0
473,3,2.5,2856,3920,2.0,2003,0,33.66126587485905,-84.37006203200009,Single Family,Decatur,Good,Excellent,1999-03-04,299000.0
474,5,4.0,3738,23522,3.0,2006,0,33.70182272836454,-84.2684732985115,Single Family,Atlanta,Excellent,Excellent,2007-06-01,765000.0
475,5,4.5,5435,18295,3.0,2006,0,33.845433456987706,-84.2715230371594,Single Family,Atlanta,Good,Excellent,2012-04-30,600000.0
476,6,5.5,5427,15246,3.0,2006,0,33.723618114193535,-84.34783319087971,Single Family,Brookhaven,Excellent,Excellent,2021-05-04,1213400.0
477,4,3.0,1790,7841,2.0,1998,0,33.78639071140893,-84.25751137303538,Single Family,Lithonia,Good,Fair,2025-09-30,267000.0
478,4,3.0,3064,20038,3.0,2020,0,33.78166932974322,-84.18292186866893,Single Family,Atlanta,Good,Excellent,2020-10-13,725000.0
479,4,4.5,4476,12632,3.0,2013,0,33.66662771256786,-84.2451339890918,Single Family,Atlanta,Good,Excellent,2025-09-29,1050000.0
480,3,3.5,3138,5227,3.0,2002,0,33.78555068319031,-84.27895170425828,Single Family,Decatur,Good,Excellent,2025-09-29,899900.0
481,7,4.5,3730,15682,3.0,1993,0,33.79001600007532,-84.18267869092819,Single Family,Atlanta,Good,Excellent,2025-09-29,925000.0
482,4,2.5,2624,9148,2.0,2017,0,33.697976685186646,-84.30670707845272,Single Family,Lithonia,Good,Fair,2025-09-29,360825.0
483,4,4.0,4072,18295,3.0,2011,0,33.823789721410485,-84.32991757444078,Single Family,Brookhaven,Excellent,Excellent,2025-09-29,1315000.0
484,5,4.5,4170,18295,3.0,2022,0,33.776016876647844,-84.32108646505681,Single Family,Brookhaven,Excellent,Excellent,2025-09-29,2000000.0
485,3,2.5,2273,6098,2.0,2019,0,33.64969631761805,-84.31551738687179,Single Family,Stone Mountain,Good,Fair,2025-09-29,360000.0
486,4,3.0,2736,44867,2.0,2012,0,33.8005983173085,-84.26314667265632,Single Family,Stone Mountain,Good,Good,2025-10-02,499900.0
487,6,7.0,5700,26136,3.0,2016,0,33.71257556268697,-84.24317296783661,Single Family,Brookhaven,Excellent,Excellent,2025-09-30,2325000.0
488,3,2.5,2392,4356,2.0,2023,0,33.69002833567684,-84.30322085696093,Single Family,Decatur,Good,Good,2025-10-01,554500.0
489,3,2.0,1271,10019,1.0,1993,0,33.80821353133373,-84.2871093095697,Single Family,Atlanta,Good,Good,2025-09-30,530000.0
490,6,5.0,5955,68389,3.0,2015,0,33.82007742128938,-84.31216886957603,Single Family,Atlanta,Excellent,Excellent,2025-09-30,1675000.0
491,6,5.0,4439,19166,3.0,2003,0,33.683881268776126,-84.24960798520152,Single Family,Atlanta,Good,Excellent,2001-11-30,503400.0
492,4,2.0,2056,9583,2.0,2020,0,33.8468412590277,-84.23869379146689,Single Family,Decatur,Good,Excellent,2025-09-30,1075000.0
493,3,3.5,2471,12197,2.0,2024,0,33.83192048757079,-84.36545164867216,Single Family,Brookhaven,Good,Excellent,2025-09-30,980000.0
494,5,3.5,3294,1742,3.0,2020,0,33.669441406103914,-84.37594744421342,Single Family,Atlanta,Good,Excellent,2025-10-20,840000.0
495,4,3.0,2830,19602,2.0,1993,0,33.71682487478433,-84.33464045082944,Single Family,Atlanta,Good,Excellent,2025-10-01,860000.0
496,4,3.0,2918,13504,2.0,2006,0,33.663434666201496,-84.37356726415807,Single Family,Decatur,Good,Fair,2019-03-05,216000.0
497,4,3.0,2776,6970,2.0,2020,0,33.689421668345304,-84.36227153188014,Single Family,Lithonia,Good,Fair,2025-10-02,354000.0
498,5,5.5,6570,17860,3.0,2006,0,33.702025805736284,-84.35198129832551,Single Family,Brookhaven,Excellent,Excellent,2025-10-01,1985000.0
499,5,5.5,5476,22216,3.0,2013,0,33.69007104314091,-84.27579741284309,Single Family,Brookhaven,Excellent,Excellent,2025-10-03,2350000.0
500,5,5.5,3078,7405,3.0,2020,0,33.75793427741238,-84.30221614983101,Single Family,Atlanta,Good,Excellent,2025-10-02,1125000.0
501,4,3.5,2296,3920,2.0,2001,0,33.844367668831325,-84.336083650458,Single Family,Atlanta,Good,Excellent,2025-10-01,830000.0
502,4,4.0,3000,9583,3.0,2020,0,33.67609684792045,-84.33132516557578,Single Family,Decatur,Good,Excellent,2025-10-03,1195000.0
503,4,2.5,2400,15246,2.0,2006,0,33.82731321396541,-84.34782578416643,Single Family,Stone Mountain,Good,Fair,2025-10-02,388000.0
504,5,4.0,3623,19602,3.0,1972,0,33.65581774239524,-84.2442990819592,Single Family,Atlanta,Good,Good,2025-10-02,590000.0
506,4,4.0,4463,32670,3.0,2003,0,33.843869853104636,-84.36170527727307,Single Family,Stone Mountain,Good,Excellent,2025-10-01,775000.0
507,4,3.0,2979,24829,2.0,2012,0,33.6959329095085,-84.26558851702431,Single Family,Atlanta,Good,Excellent,2025-10-03,765000.0
508,4,3.5,2967,21344,2.0,2020,0,33.79522373389576,-84.18834812532218,Single Family,Atlanta,Good,Excellent,2025-10-02,705000.0
509,5,3.5,4500,23087,3.0,2020,0,33.748931914819366,-84.24759954843337,Single Family,Atlanta,Good,Excellent,2025-10-03,944000.0
510,4,3.0,2310,10019,2.0,2006,0,33.72079939063756,-84.28866621407074,Single Family,Brookhaven,Excellent,Excellent,2025-10-03,925000.0
511,2,2.0,1794,6970,2.0,2012,0,33.795273429265436,-84.27446488957483,Single Family,Atlanta,Good,Excellent,2025-10-03,850000.0
512,3,2.5,2402,6534,2.0,1998,0,33.70424940221589,-84.30656922630385,Single Family,Brookhaven,Good,Excellent,2004-05-05,327000.0
513,5,5.5,5476,29185,3.0,2005,0,33.75201225203934,-84.2702492614269,Single Family,Atlanta,Excellent,Excellent,2008-09-29,1195000.0
514,3,2.5,1528,10890,2.0,2020,0,33.731229273112305,-84.18245181136542,Single Family,Atlanta,Good,Good,2017-08-10,400000.0
515,4,3.0,2694,17860,2.0,2020,0,33.75853724989806,-84.21108559002813,Single Family,Atlanta,Good,Excellent,2018-09-20,515000.0
516,5,3.5,4152,31363,3.0,2003,0,33.67731350761603,-84.2429671456252,Single Family,Avondale Estates,Good,Excellent,2018-09-28,660000.0
517,3,2.0,1761,10454,2.0,2012,0,33.73980957958795,-84.32758823554522,Single Family,Stone Mountain,Good,Fair,2024-03-15,304000.0
518,4,4.0,2956,8712,2.0,2003,0,33.726243271942,-84.32521313019181,Single Family,Brookhaven,Good,Excellent,2025-10-22,830000.0
519,4,3.0,2988,19166,2.0,2003,0,33.749511221673856,-84.30230946873363,Single Family,Atlanta,Good,Excellent,2025-10-03,702000.0
520,4,3.5,3353,6970,3.0,2015,0,33.80525123739372,-84.26640985039354,Single Family,Brookhaven,Good,Excellent,2015-06-17,656000.0
521,4,3.0,3011,14810,3.0,1993,0,33.66932991686757,-84.2835103121468,Single Family,Atlanta,Good,Excellent,2025-05-06,475000.0
522,4,3.5,3497,6098,3.0,2006,0,33.83739079179485,-84.26752167778193,Single Family,Brookhaven,Good,Excellent,2012-08-31,535000.0
523,4,4.5,4945,5663,3.0,2002,0,33.76564346800064,-84.23530164166951,Single Family,Decatur,Excellent,Excellent,2013-11-07,639000.0
524,5,3.5,3946,16117,3.0,2012,0,33.78256428480092,-84.259141758584,Single Family,Atlanta,Excellent,Excellent,2003-03-24,540000.0
526,4,2.5,2218,17424,2.0,2003,0,33.65500733145905,-84.24965638107548,Single Family,Lithonia,Good,Fair,2025-10-11,325000.0
527,3,2.5,1960,8276,2.0,2007,0,33.76436448148783,-84.20830635372707,Single Family,Atlanta,Good,Good,2025-10-14,589000.0
528,4,3.5,2769,10454,2.0,2013,0,33.71850034712874,-84.34007849414216,Single Family,Atlanta,Good,Excellent,2025-10-14,855000.0
529,5,5.5,4091,11326,3.0,2020,0,33.8347698092531,-84.27574616074308,Single Family,Decatur,Good,Excellent,2025-10-14,1050000.0
530,5,4.5,3790,11761,3.0,2016,0,33.71153606688393,-84.31767077357149,Single Family,Brookhaven,Excellent,Excellent,2025-10-13,1695000.0
531,4,3.0,2088,15246,2.0,1993,0,33.68599001255636,-84.32594902837363,Single Family,Stone Mountain,Good,Fair,2025-10-21,350000.0
532,4,4.0,3189,53579,3.0,1998,0,33.662832786957054,-84.34529653679456,Single Family,Stone Mountain,Good,Excellent,2025-10-15,605000.0
533,4,3.0,3008,13504,3.0,2020,0,33.6691407997679,-84.3808296740472,Single Family,Atlanta,Good,Excellent,2018-05-03,470000.0
534,4,5.0,4202,5663,3.0,2003,0,33.72627930740759,-84.32102947461699,Single Family,Decatur,Good,Excellent,2025-10-13,1049900.0
535,3,3.0,1920,4356,2.0,2013,0,33.756009881301715,-84.19828228373467,Single Family,Scottdale,Good,Good,2025-10-15,400000.0
536,3,2.0,2460,9583,2.0,2020,0,33.70324490248532,-84.32732256815956,Single Family,Atlanta,Good,Excellent,2025-10-16,755000.0
537,4,3.0,2948,11761,2.0,2012,0,33.66609408862715,-84.36979014533945,Single Family,Avondale Estates,Good,Excellent,2025-10-17,825000.0
538,4,4.5,4426,17424,3.0,2020,0,33.816380401062325,-84.21767333359783,Single Family,Atlanta,Excellent,Excellent,2025-10-16,1800000.0
539,4,3.0,2242,9148,2.0,2013,0,33.83840898297512,-84.26857150251097,Single Family,Decatur,Good,Fair,2025-10-15,283935.0
540,4,3.0,2820,10890,2.0,2006,0,33.744530589703054,-84.34285430184188,Single Family,Lithonia,Good,Fair,2025-10-14,310000.0
541,3,3.0,1987,4792,2.0,2012,0,33.679282691103175,-84.32250809098122,Single Family,Decatur,Good,Good,2025-10-15,589000.0
542,6,6.0,5833,18731,3.0,2012,0,33.790159820812995,-84.32120564797462,Single Family,Atlanta,Excellent,Excellent,2025-10-14,1500000.0
543,5,5.0,2970,7405,2.0,2012,0,33.69016047766255,-84.18260019524357,Single Family,Brookhaven,Good,Excellent,2025-10-18,970000.0
544,5,5.0,4071,12632,3.0,2007,0,33.6849739600939,-84.28065708979207,Single Family,Brookhaven,Excellent,Excellent,2025-10-16,1125000.0
545,5,4.0,4360,12632,3.0,2016,0,33.68175829480717,-84.24007844238048,Single Family,Conyers,Good,Good,2017-09-29,329374.0
546,6,6.5,5162,9148,3.0,2003,0,33.770955364265404,-84.33758083199602,Single Family,Atlanta,Excellent,Excellent,2025-10-20,2720000.0
547,5,3.5,3558,15246,3.0,2020,0,33.6671221305899,-84.23644915523104,Single Family,Atlanta,Excellent,Excellent,2025-10-21,1900000.0
548,8,7.0,9166,89734,3.0,2003,0,33.81262231292261,-84.31760825246849,Single Family,Stone Mountain,Excellent,Excellent,2025-10-20,1220000.0
549,5,5.0,3400,11761,3.0,2015,0,33.78095917298822,-84.31007194284564,Single Family,Decatur,Excellent,Excellent,2025-10-21,989000.0
550,5,3.0,2899,31363,2.0,2003,0,33.81677020318837,-84.1875977767171,Single Family,Decatur,Good,Good,2025-10-15,410000.0
551,5,4.5,3710,13068,3.0,2017,0,33.728399344009645,-84.31568326120251,Single Family,Decatur,Good,Excellent,2017-03-27,649000.0
552,3,2.5,1737,7405,2.0,2005,0,33.67830384740991,-84.30990369066838,Single Family,Atlanta,Good,Excellent,2020-07-09,425000.0
553,3,3.0,2163,7405,2.0,2020,0,33.72400442532369,-84.25251778878899,Single Family,Atlanta,Good,Excellent,2020-07-10,590000.0
554,5,4.0,5369,6534,3.0,2020,0,33.8014344034284,-84.20975419988645,Single Family,Decatur,Good,Excellent,2022-05-11,945000.0
555,3,3.0,1722,7405,2.0,2006,0,33.73194646203715,-84.20168827332756,Single Family,Scottdale,Good,Fair,2025-10-21,400000.0
556,4,3.0,1672,13504,2.0,2012,0,33.75917946793066,-84.28700531272433,Single Family,Brookhaven,Good,Excellent,2025-10-22,880000.0
557,4,4.0,2920,4792,2.0,2023,0,33.81814331996812,-84.31105320420369,Single Family,Decatur,Good,Good,2025-10-21,614900.0
558,6,5.0,4549,13504,3.0,2020,0,33.75548794169554,-84.36895320996456,Single Family,Brookhaven,Excellent,Excellent,2025-10-21,1820000.0
559,4,2.0,1404,7405,1.0,2020,0,33.721452524565386,-84.18366629230042,Single Family,Decatur,Good,Excellent,2025-10-01,750000.0
560,4,3.0,3142,5227,3.0,2011,0,33.79648081116147,-84.27495891646562,Single Family,Lithonia,Good,Fair,2025-10-17,325000.0
561,4,4.0,4220,8276,3.0,2006,0,33.68592097409966,-84.2371490797347,Single Family,Lithonia,Good,Fair,2025-10-17,356000.0
562,4,3.0,2300,25700,2.0,1993,0,33.83537322571389,-84.33706080294611,Single Family,Atlanta,Excellent,Excellent,2025-10-21,645000.0
563,4,3.5,2848,6098,2.0,2022,0,33.81606487684082,-84.28795759785879,Single Family,Tucker,Good,Excellent,2025-10-21,625000.0
564,3,2.5,2637,6970,2.0,2012,0,33.755182116568484,-84.2801722281177,Single Family,Brookhaven,Good,Excellent,2019-06-27,545000.0
565,4,3.0,1852,17860,2.0,2012,0,33.72583547577548,-84.34780883451606,Single Family,Atlanta,Good,Good,2020-09-29,443000.0
566,5,5.0,4019,16117,3.0,2003,0,33.79706147496031,-84.2725421296924,Single Family,Decatur,Good,Excellent,2025-10-28,1260000.0
567,4,2.5,2554,10019,2.0,2012,0,33.70475200119952,-84.37731472559109,Single Family,Atlanta,Good,Excellent,2025-11-05,780000.0
568,4,3.0,3194,16988,3.0,2020,0,33.81541003260137,-84.29202939789091,Single Family,Decatur,Good,Fair,2023-06-27,340000.0
569,4,3.0,2577,6970,2.0,2006,0,33.68410871658405,-84.23442723738799,Single Family,Atlanta,Good,Excellent,2025-10-21,790000.0
570,4,4.0,2637,5227,2.0,2019,0,33.65781327485121,-84.30775404395855,Single Family,Tucker,Excellent,Excellent,2025-10-22,610000.0
571,4,3.5,4350,15246,3.0,2012,0,33.76676025493793,-84.34833597247768,Single Family,Atlanta,Good,Excellent,2025-10-27,890000.0
572,5,4.0,2554,10454,2.0,2018,0,33.766803966240296,-84.21891323156571,Single Family,Atlanta,Good,Excellent,2025-10-22,780000.0
573,6,6.0,5828,10890,3.0,2007,0,33.70544548155984,-84.32396300435877,Single Family,Atlanta,Excellent,Excellent,2025-10-28,1535000.0
574,3,2.5,2487,6970,2.0,2003,0,33.74322176695432,-84.35314792790663,Single Family,Atlanta,Good,Good,2025-11-05,500000.0
575,4,3.0,2756,51836,2.0,2012,0,33.809209945096185,-84.29540488511502,Single Family,Atlanta,Good,Excellent,2025-10-27,800000.0
576,3,3.0,2329,7841,2.0,2006,0,33.83416269821213,-84.32553343459426,Single Family,Atlanta,Good,Excellent,2025-10-28,574000.0
577,5,4.0,4688,14810,3.0,2009,0,33.77555229965848,-84.26842411882734,Single Family,Stone Mountain,Excellent,Excellent,2025-10-28,655000.0
578,3,2.0,2292,16117,2.0,1998,0,33.721192546625375,-84.29737438507925,Single Family,Stone Mountain,Good,Fair,2025-10-28,340000.0
579,4,3.0,2778,9583,2.0,2020,0,33.83655478588234,-84.20226807163871,Single Family,Atlanta,Good,Excellent,2025-10-28,1150000.0
580,4,3.0,1776,18295,2.0,2003,0,33.66023365800687,-84.30952472223223,Single Family,Decatur,Good,Excellent,2025-11-12,799900.0
581,7,5.5,4522,13939,3.0,2015,0,33.693386160404444,-84.36806115440685,Single Family,Atlanta,Excellent,Excellent,2025-10-27,1500000.0
582,4,4.5,3988,6534,3.0,2007,0,33.75647679866826,-84.3687908507856,Single Family,Atlanta,Good,Good,2025-10-27,575000.0
583,3,2.5,2249,6534,2.0,2006,0,33.798483373491685,-84.30055554610776,Single Family,Brookhaven,Good,Excellent,2025-10-28,719500.0
584,5,3.0,2200,6098,2.0,1998,0,33.766633745733735,-84.30662449666734,Single Family,Decatur,Good,Fair,2025-10-29,270000.0
585,5,5.0,4696,7405,3.0,2018,0,33.71065630015772,-84.33696931116513,Single Family,Atlanta,Excellent,Excellent,2025-10-22,1695000.0
586,4,4.0,3883,6098,3.0,2006,0,33.746529883989744,-84.35776006174031,Single Family,Atlanta,Good,Excellent,2025-10-30,765000.0
587,3,2.5,1814,8276,2.0,2002,0,33.80244801838737,-84.27851427011882,Single Family,Decatur,Good,Good,2025-10-31,420000.0
588,4,2.5,2717,12632,2.0,2006,0,33.829568163945716,-84.28617396806389,Single Family,Lithonia,Good,Fair,2017-10-05,171000.0
589,6,5.0,2922,20909,2.0,1993,0,33.711526662883934,-84.22580944412051,Single Family,Atlanta,Good,Excellent,2025-10-27,850000.0
590,4,3.0,2095,74488,2.0,1998,0,33.835848344638045,-84.18800823094341,Single Family,Lithonia,Good,Fair,2025-10-29,332900.0
591,4,4.5,4512,25700,3.0,2003,0,33.70932210545288,-84.28946658411368,Single Family,Atlanta,Excellent,Excellent,2025-10-31,2650000.0
592,5,3.0,2840,11761,2.0,2006,0,33.657371492613365,-84.3471284695005,Single Family,Conley,Good,Fair,2025-11-03,370000.0
593,4,3.0,2736,5227,2.0,2020,0,33.67178702960496,-84.2274345298635,Single Family,Atlanta,Good,Excellent,2025-11-03,1290000.0
594,3,2.0,2179,17860,2.0,2012,0,33.84391998585475,-84.18601644502895,Single Family,Atlanta,Good,Excellent,2025-10-31,571500.0
595,5,4.0,3881,32670,3.0,2006,0,33.73934373343689,-84.26834075976423,Single Family,Stone Mountain,Good,Excellent,1997-02-13,380000.0
596,3,3.0,2725,33541,2.0,2006,0,33.82388384683116,-84.27820284432075,Single Family,Lithonia,Good,Fair,2025-11-03,324900.0
597,5,4.5,5220,13504,3.0,2016,0,33.77526911415522,-84.19890837326014,Single Family,Brookhaven,Excellent,Excellent,2025-11-05,1585000.0
598,5,7.0,8980,148104,3.0,2007,0,33.718770529797496,-84.29204100652893,Single Family,Lithonia,Excellent,Excellent,2025-11-03,1250000.0
599,5,6.0,4686,9583,3.0,2017,0,33.73888990372215,-84.18602863569963,Single Family,Decatur,Good,Excellent,2025-11-05,1585000.0
600,4,3.0,2267,9148,2.0,2006,0,33.655820370946756,-84.26995861888595,Single Family,Stone Mountain,Good,Fair,2025-10-29,389000.0
601,5,3.0,3031,29185,3.0,2012,0,33.75265501053115,-84.22995692476532,Single Family,Atlanta,Good,Excellent,2021-05-27,530000.0
602,5,4.0,3525,37897,3.0,2003,0,33.83448534983676,-84.3272105780214,Single Family,Lithonia,Good,Fair,2024-04-22,88100.0
603,4,3.0,2454,14810,2.0,1998,0,33.778630742145786,-84.29489088764116,Single Family,Decatur,Good,Fair,2025-06-13,225000.0
604,4,4.0,1868,3485,2.0,2017,0,33.72359727883725,-84.31316752149506,Single Family,Atlanta,Good,Good,2025-11-04,595900.0
605,4,3.0,2370,5227,2.0,2018,0,33.75188631412221,-84.30532584848775,Single Family,Decatur,Good,Fair,2025-11-04,369000.0
606,4,4.0,3506,14375,3.0,1993,0,33.719810553323384,-84.35977523095013,Single Family,Atlanta,Good,Excellent,2025-11-03,800000.0
607,3,2.5,1919,21780,2.0,1993,0,33.77475241197979,-84.28830860933778,Single Family,Decatur,Good,Fair,2025-11-05,450000.0
608,4,3.0,2947,9148,2.0,2012,0,33.70435739214604,-84.31083580116476,Single Family,Atlanta,Good,Excellent,2025-11-05,1300000.0
609,5,3.0,4620,23958,3.0,2006,0,33.750479098785966,-84.35739542397745,Single Family,Stone Mountain,Good,Good,2025-11-03,449900.0
610,4,3.0,2050,11761,2.0,2020,0,33.7525052485563,-84.19095779598254,Single Family,Decatur,Good,Good,2025-11-03,575000.0
611,5,4.0,4264,15246,3.0,2012,0,33.838316935104274,-84.29395997805388,Single Family,Atlanta,Excellent,Excellent,2025-11-10,850000.0
612,4,3.0,1900,22216,2.0,2012,0,33.76900018590863,-84.23730184049492,Single Family,Atlanta,Good,Excellent,2021-10-12,550000.0
613,3,2.0,1521,7841,2.0,1993,0,33.68795689615838,-84.23339255612787,Single Family,Decatur,Good,Good,2025-10-31,639000.0
614,3,3.0,2040,9583,2.0,2003,0,33.79242493847537,-84.31014845507434,Single Family,Atlanta,Good,Excellent,2023-03-31,571500.0
615,4,3.0,2590,27007,2.0,2012,0,33.6699973883188,-84.24595197898354,Single Family,Atlanta,Good,Excellent,2025-11-05,730000.0
616,5,4.0,3101,19166,3.0,2003,0,33.77501636045296,-84.36143813161121,Single Family,Stone Mountain,Good,Good,2025-11-06,600000.0
617,5,5.0,4693,11326,3.0,2003,0,33.77601195348149,-84.27192383165261,Single Family,Stone Mountain,Good,Good,2016-04-18,229900.0
618,4,3.0,3060,50094,3.0,1993,0,33.82606503270156,-84.28706169178413,Single Family,Stone Mountain,Good,Good,2019-04-15,280000.0
619,4,3.0,2852,6534,2.0,2020,0,33.70511568833904,-84.36457354404453,Single Family,Lithonia,Good,Fair,2020-07-15,253000.0
620,5,5.0,5880,17860,3.0,2017,0,33.798125288931594,-84.35222678253575,Single Family,Brookhaven,Excellent,Excellent,2025-11-13,1950000.0
621,4,3.0,2713,18295,2.0,2003,0,33.75144164037304,-84.23358194032971,Single Family,Atlanta,Good,Excellent,2025-11-12,825000.0
622,6,5.0,4562,22216,3.0,2010,0,33.66846005939765,-84.2739010920391,Single Family,Decatur,Good,Excellent,2025-11-12,1750000.0
623,4,3.5,2600,9583,2.0,2024,0,33.83866905319512,-84.29762134644889,Single Family,Decatur,Good,Excellent,2025-11-11,650000.0
624,4,4.0,2936,17860,2.0,2003,0,33.67700465894244,-84.1877961141674,Single Family,Atlanta,Good,Excellent,2015-05-26,412000.0
625,4,3.0,2444,11326,2.0,2006,0,33.67775481898841,-84.37516206996959,Single Family,Ellenwood,Good,Fair,2025-11-12,290000.0
626,4,6.0,5114,6970,3.0,2006,0,33.66569542921139,-84.34424999613604,Single Family,Atlanta,Excellent,Excellent,2025-11-12,1050000.0
627,4,2.5,2454,19602,2.0,2012,0,33.84534201858105,-84.26188606421645,Single Family,Atlanta,Good,Excellent,2025-11-12,685000.0
628,3,3.0,2100,11326,2.0,1993,0,33.72384920294524,-84.2492016733512,Single Family,Atlanta,Excellent,Excellent,2025-11-12,776000.0
629,4,3.0,2910,20038,2.0,2020,0,33.65482866422231,-84.20673057511284,Single Family,Atlanta,Good,Excellent,2025-11-10,735000.0
630,5,5.0,4104,5227,3.0,2010,0,33.78443664048275,-84.27249121346568,Single Family,Decatur,Good,Excellent,2016-11-23,527000.0
631,4,3.0,2030,19166,2.0,2006,0,33.767122576135044,-84.27645301186078,Single Family,Ellenwood,Good,Fair,2025-11-04,355000.0
632,6,5.0,5040,14375,3.0,2006,0,33.66987500363138,-84.26914240018641,Single Family,Atlanta,Excellent,Excellent,2025-11-10,1675000.0
633,4,5.0,3372,8276,3.0,2017,0,33.754499816814615,-84.2678189923576,Single Family,Atlanta,Excellent,Excellent,2025-11-14,1290000.0
634,5,6.0,4128,104544,3.0,1993,0,33.69192383090896,-84.28807438982516,Single Family,Stone Mountain,Good,Good,2025-11-12,1010000.0
635,5,3.5,3192,16988,3.0,2012,0,33.77676167744265,-84.28108526814599,Single Family,Atlanta,Good,Excellent,2025-11-13,800000.0
636,4,3.0,2786,8712,2.0,2012,0,33.67796583688457,-84.25449743803829,Single Family,Atlanta,Excellent,Excellent,2025-11-14,915000.0
637,4,4.0,4828,13939,3.0,2003,0,33.7224748780714,-84.23841651567085,Single Family,Brookhaven,Good,Excellent,2010-09-21,581900.0
638,5,2.5,3263,23958,3.0,2012,0,33.741925246247455,-84.26700300998593,Single Family,Atlanta,Good,Excellent,2013-01-09,279900.0
639,4,5.0,4536,11326,3.0,2019,0,33.836171172863416,-84.27787505824772,Single Family,Stone Mountain,Good,Good,2025-11-13,492000.0
640,4,3.5,3200,6970,3.0,2014,0,33.714707432871215,-84.30112975726446,Single Family,Brookhaven,Good,Excellent,2025-11-13,1100000.0
641,5,3.5,3200,13068,3.0,2020,0,33.78307441558796,-84.35085384957239,Single Family,Decatur,Good,Excellent,2012-07-19,600500.0
642,4,5.0,1910,11761,2.0,2006,0,33.70110620060874,-84.2011563863621,Single Family,Stone Mountain,Good,Fair,2017-11-17,162000.0
643,3,2.0,1297,20909,1.0,2003,0,33.76991282641862,-84.30097880737624,Single Family,Atlanta,Good,Fair,2020-09-03,333000.0
645,4,3.0,2609,10454,2.0,1998,0,33.81633065514358,-84.25002532074332,Single Family,Stone Mountain,Good,Fair,2025-11-14,415000.0
646,4,3.0,2033,15682,2.0,2003,0,33.72874116161416,-84.25891065030908,Single Family,Avondale Estates,Good,Excellent,2016-11-23,490000.0
647,4,3.0,2521,35719,2.0,2012,0,33.66982647910953,-84.3101315905555,Single Family,Atlanta,Good,Excellent,2017-07-11,375000.0
648,5,4.0,3041,15682,3.0,2020,0,33.70336406817372,-84.23960233645762,Single Family,Avondale Estates,Good,Excellent,2021-10-13,824500.0
649,5,4.0,3322,3485,3.0,2023,0,33.755922300667834,-84.19402847878037,Single Family,Atlanta,Excellent,Excellent,2025-11-14,1195000.0
650,2,3.0,2468,10454,2.0,1998,0,33.74576841614192,-84.32678857577032,Single Family,Atlanta,Good,Excellent,2000-07-24,365000.0
651,5,4.0,2648,5663,2.0,2005,0,33.72576768538055,-84.34645077448765,Single Family,Atlanta,Good,Good,2021-04-23,416000.0
653,4,4.0,2952,18731,2.0,2012,0,33.680535714963696,-84.28276410820342,Single Family,Atlanta,Good,Excellent,2023-01-20,715000.0
654,4,2.0,2105,18295,2.0,1993,0,33.77619040661652,-84.22771587803574,Single Family,Atlanta,Good,Good,1999-10-04,202000.0
655,5,3.5,3522,21780,3.0,1993,0,33.649638726140864,-84.33668434355158,Single Family,Atlanta,Good,Good,2003-05-12,259900.0
656,3,3.0,2632,6970,2.0,2006,0,33.72896299537994,-84.35746519298783,Single Family,Brookhaven,Good,Excellent,2017-03-13,550000.0
657,3,2.0,1374,11761,1.0,1993,0,33.74781843555575,-84.3044043028999,Single Family,Decatur,Good,Excellent,2023-04-26,281000.0
658,4,2.0,2700,8712,2.0,2012,0,33.79045071631053,-84.34602373743489,Single Family,Decatur,Good,Excellent,2006-06-26,395000.0
659,3,3.0,1942,11326,2.0,2006,0,33.663242926741134,-84.2157628381138,Single Family,Decatur,Good,Fair,2013-06-27,101000.0
660,6,6.0,3493,6098,3.0,2006,0,33.68358899525548,-84.221111529294,Single Family,Atlanta,Good,Excellent,2020-04-18,532200.0
661,5,4.0,2640,16117,2.0,2003,0,33.77712871403367,-84.29357343310566,Single Family,Brookhaven,Excellent,Excellent,2024-05-14,685000.0
662,6,5.0,4756,16553,3.0,2014,0,33.80703746426888,-84.35588119114426,Single Family,Atlanta,Good,Excellent,2015-06-15,750000.0
663,4,3.0,2622,6098,2.0,2006,0,33.651588630947735,-84.20304708155422,Single Family,Atlanta,Good,Excellent,2002-04-03,305000.0
664,4,3.5,4064,14810,3.0,1998,0,33.827738368921814,-84.18882387224176,Single Family,Brookhaven,Good,Excellent,2008-11-14,809600.0
666,3,2.5,2720,6534,2.0,1998,0,33.67898585776691,-84.37871723830949,Single Family,Brookhaven,Good,Excellent,2018-02-09,400000.0
667,5,4.0,3802,9148,3.0,2018,0,33.67067757464691,-84.2802059875608,Single Family,Brookhaven,Excellent,Excellent,2019-03-04,885000.0
668,3,4.0,1888,4356,2.0,2003,0,33.663727131161245,-84.27143289001484,Single Family,Atlanta,Good,Excellent,2020-08-14,534000.0
669,5,4.5,3795,10454,3.0,2021,0,33.78994496526523,-84.26343059367257,Single Family,Brookhaven,Excellent,Excellent,2022-04-19,1483000.0
671,3,3.0,2331,6098,2.0,2019,0,33.77981132602415,-84.37973243390782,Single Family,Lithonia,Good,Fair,2025-03-27,99242.0
672,4,4.0,2623,22216,2.0,1996,0,33.755921923180104,-84.2939797541846,Single Family,Atlanta,Good,Excellent,2000-09-11,310000.0
673,5,5.0,4148,15246,3.0,2006,0,33.778999591062075,-84.30268706547277,Single Family,Atlanta,Excellent,Excellent,2005-06-15,824900.0
674,4,2.0,1816,30492,2.0,1993,0,33.73915975019708,-84.25383524180529,Single Family,Stone Mountain,Good,Fair,2012-04-02,48000.0
675,5,3.0,2626,6098,2.0,2020,0,33.68990064318758,-84.21581347811315,Single Family,Scottdale,Good,Excellent,2020-08-12,459900.0
676,3,2.0,1771,10454,2.0,2012,0,33.73915514147867,-84.20197353530804,Single Family,Atlanta,Good,Excellent,2020-09-02,633900.0
677,3,2.0,1888,10454,2.0,2012,0,33.73362153834918,-84.21035244707582,Single Family,Atlanta,Good,Excellent,2022-07-18,595000.0
678,5,4.0,3530,4792,3.0,2018,0,33.73342731860378,-84.21575702984936,Single Family,Atlanta,Good,Excellent,2023-02-16,785000.0
679,4,3.0,2720,9583,2.0,2003,0,33.653533014643195,-84.26484763075649,Single Family,Decatur,Good,Excellent,2023-05-05,613600.0
680,6,4.0,3164,20038,3.0,1993,0,33.823392257609925,-84.24334786523671,Single Family,Decatur,Good,Fair,2025-01-07,203000.0
681,3,2.0,1782,17424,2.0,1993,0,33.79068614701201,-84.35569864660943,Single Family,Stone Mountain,Good,Fair,2003-11-06,164000.0
682,4,2.5,2544,6098,2.0,2012,0,33.800436202398636,-84.30193783914916,Single Family,Tucker,Good,Good,2016-07-19,340000.0
683,3,2.0,2080,13068,2.0,1993,0,33.74165364401406,-84.25068870992591,Single Family,Atlanta,Good,Excellent,1995-10-25,210000.0
684,5,3.0,3064,15246,3.0,2006,0,33.67053097340173,-84.23686788943012,Single Family,Lithonia,Good,Fair,2002-01-09,177500.0
685,4,3.0,2220,6534,2.0,1998,0,33.67000698718805,-84.30273254543677,Single Family,Atlanta,Excellent,Excellent,2006-06-20,360000.0
686,7,5.0,6399,43996,3.0,2006,0,33.761278949687586,-84.29442247651944,Single Family,Lithonia,Excellent,Excellent,2002-12-05,656000.0
687,4,3.0,3105,20473,3.0,2012,0,33.66788996915453,-84.30397161501249,Single Family,Decatur,Good,Excellent,2016-06-13,653400.0
688,4,4.0,3234,7405,3.0,2006,0,33.84635949602327,-84.24007602167386,Single Family,Tucker,Good,Fair,2005-05-19,298700.0
689,4,3.5,3587,24829,3.0,1993,0,33.76979232627289,-84.31302914989716,Single Family,Atlanta,Good,Excellent,2011-01-31,3000000.0
690,4,2.5,3200,11761,3.0,2016,0,33.70522329916179,-84.21771996400999,Single Family,Lithonia,Good,Fair,2017-01-20,244036.0
691,5,4.5,3815,9148,3.0,2006,0,33.811187989495245,-84.31908426454495,Single Family,Brookhaven,Good,Excellent,2017-02-13,610000.0
692,4,3.0,1941,13504,2.0,2012,0,33.71370096587435,-84.27276513236696,Single Family,Atlanta,Good,Good,2017-08-03,427500.0
693,5,3.0,3150,8276,3.0,2020,0,33.7679527509258,-84.21457850214999,Single Family,Decatur,Good,Excellent,2023-04-07,1150000.0
694,6,6.5,6035,14375,3.0,2024,0,33.79801108646868,-84.29497822598917,Single Family,Brookhaven,Excellent,Excellent,2024-11-26,2300000.0
695,5,4.0,2928,20473,2.0,2006,0,33.785721621129284,-84.26387663692073,Single Family,Lithonia,Good,Fair,2025-02-19,250000.0
696,5,3.5,5165,15682,3.0,2020,0,33.66447744193959,-84.37947416083524,Single Family,Brookhaven,Excellent,Excellent,2025-10-01,1410000.0
697,4,3.0,2548,18295,2.0,2020,0,33.833144256937764,-84.19694472609561,Single Family,Atlanta,Excellent,Excellent,2015-05-29,340000.0
698,4,3.0,2548,10019,2.0,2000,0,33.71925252027067,-84.18640639682054,Single Family,Decatur,Good,Excellent,2012-08-08,379000.0
699,4,3.0,2353,14810,2.0,2012,0,33.649380523209466,-84.24858541129532,Single Family,Avondale Estates,Good,Excellent,2014-06-20,318000.0
700,4,6.0,4586,9583,3.0,2016,0,33.76742300096384,-84.24429685479956,Single Family,Atlanta,Good,Excellent,2017-10-20,816000.0
701,3,2.5,1927,14810,2.0,2004,0,33.650592263409564,-84.34031030863034,Single Family,Decatur,Good,Good,2023-10-19,439000.0
702,5,4.0,3634,33541,3.0,1993,0,33.805187118731624,-84.37710780241065,Single Family,Tucker,Good,Excellent,2005-05-31,405000.0
703,5,4.0,3908,15246,3.0,2014,0,33.82070653261406,-84.35045987009192,Single Family,Avondale Estates,Excellent,Excellent,2022-12-15,1125000.0
704,5,6.0,4154,15682,3.0,2006,0,33.670749258370975,-84.3645483145137,Single Family,Brookhaven,Excellent,Excellent,2002-12-11,883000.0
705,5,4.0,4020,22216,3.0,2020,0,33.705502565156834,-84.28036584642928,Single Family,Atlanta,Excellent,Excellent,2015-08-21,895000.0
706,7,8.0,7241,49658,3.0,2003,0,33.657242404245686,-84.25533809844606,Single Family,Decatur,Excellent,Excellent,2003-11-04,1089000.0
707,3,2.0,3238,10890,3.0,2003,0,33.83208028341882,-84.24355727396348,Single Family,Atlanta,Good,Excellent,2004-06-21,420000.0
708,5,5.0,5889,11761,3.0,2017,0,33.78177583822264,-84.32863569705346,Single Family,Decatur,Excellent,Excellent,2007-06-08,202000.0
709,5,3.5,2988,25700,2.0,2006,0,33.81091386580078,-84.37829380474514,Single Family,Decatur,Good,Excellent,2014-08-22,586000.0
710,2,2.0,1394,16553,1.0,2020,0,33.67674590688893,-84.30754704456359,Single Family,Atlanta,Good,Good,2019-06-17,440000.0
711,6,6.0,7759,30928,3.0,2006,0,33.66822461161567,-84.26638842229296,Single Family,Atlanta,Excellent,Excellent,2022-01-06,1740000.0
712,4,2.5,3442,10890,3.0,2020,0,33.70891032619481,-84.33848607299147,Single Family,Atlanta,Good,Excellent,2024-06-18,1300000.0
713,5,5.0,3944,5227,3.0,2017,0,33.739619784628175,-84.37669472356605,Single Family,Brookhaven,Good,Excellent,2018-03-23,769000.0
714,4,3.0,2980,6970,2.0,2020,0,33.76207096620531,-84.35028340808667,Single Family,Lithonia,Good,Fair,2020-04-07,263000.0
716,4,4.5,4080,14810,3.0,2018,0,33.68404802172902,-84.3752742698408,Single Family,Brookhaven,Excellent,Excellent,2023-10-12,2045000.0
717,4,3.0,2000,20473,2.0,2003,0,33.73238893310041,-84.35899640059796,Single Family,Atlanta,Good,Excellent,2002-10-04,261800.0
718,5,4.0,2592,21780,2.0,2012,0,33.67331685204859,-84.3150430455466,Single Family,Brookhaven,Good,Excellent,2011-06-29,363000.0
719,4,2.5,2672,19602,2.0,1998,0,33.65834979451844,-84.19685852853355,Single Family,Atlanta,Good,Excellent,2002-06-12,306000.0
720,4,4.0,1249,10019,1.0,1993,0,33.74604106292445,-84.21518928304361,Single Family,Atlanta,Excellent,Excellent,2007-05-02,187500.0
721,6,5.0,5041,13068,3.0,2015,0,33.82212795863216,-84.23545456557353,Single Family,Brookhaven,Excellent,Excellent,2020-04-21,1335000.0
722,3,2.5,2161,6534,2.0,2012,0,33.68788408365682,-84.29590384958935,Single Family,Brookhaven,Good,Excellent,2021-02-24,592000.0
723,5,5.5,5170,14810,3.0,2016,0,33.67081208679995,-84.3564175814704,Single Family,Brookhaven,Excellent,Excellent,2022-07-01,1950000.0
724,4,4.0,4110,13504,3.0,2020,0,33.84871671548244,-84.35348158619193,Single Family,Atlanta,Good,Excellent,2024-10-09,910000.0
725,6,3.5,3415,7841,3.0,1998,0,33.848120116174,-84.36284583217667,Single Family,Stone Mountain,Good,Good,2025-07-10,235000.0
726,6,6.0,7142,27007,3.0,2014,0,33.72484376418764,-84.24360812255135,Single Family,Brookhaven,Excellent,Excellent,2012-12-12,475000.0
727,4,3.0,2848,10019,2.0,2017,0,33.68704362694566,-84.24569295751611,Single Family,Atlanta,Good,Excellent,2017-10-24,449000.0
728,3,2.0,1781,7405,2.0,2020,0,33.793092510428664,-84.21155878844512,Single Family,Atlanta,Good,Excellent,2022-03-28,631375.0
